page,device,clicks,impressions,ctr,position
https://www.kotacom.id/rekomendasi-rakit-pc-5-jutaan,MOBILE,121,18875,0.006410596026490066,8.074278145695365
https://www.kotacom.id/,MOBILE,83,3591,0.023113338902812586,9.100250626566416
https://www.kotacom.id/jasa-rakit-pc-surabaya-murah,MOBILE,69,4590,0.015032679738562092,13.85838779956427
https://www.kotacom.id/,DESKTOP,66,2135,0.030913348946135833,24.728337236533957
https://www.kotacom.id/jasa-rakit-pc-surabaya-murah,DESKTOP,53,1752,0.030251141552511414,19.514840182648403
https://www.kotacom.id/download-pes-2016-iso-game-pc,MOBILE,47,680,0.06911764705882353,12.08235294117647
https://www.kotacom.id/jasa-cetak-buku-surabaya,DESKTOP,45,2678,0.016803584764749812,29.89581777445855
https://www.kotacom.id/jasa-cetak-buku-surabaya,MOBILE,44,5711,0.007704430047277185,9.825949921204693
https://www.kotacom.id/rekomendasi-rakit-pc-5-jutaan,DESKTOP,37,7563,0.004892238529683988,12.572656353298953
https://www.kotacom.id/download-iso-windows-10-terbaru,DESKTOP,27,2343,0.011523687580025609,47.198036705078955
https://www.kotacom.id/jasa-instal-aplikasi-surabaya,MOBILE,25,1250,0.02,12.1736
https://www.kotacom.id/download-pes-2016-iso-game-pc,DESKTOP,24,513,0.04678362573099415,27.461988304093566
https://www.kotacom.id/jasa-install-game-dan-isi-game-surabaya,MOBILE,21,1173,0.017902813299232736,15.378516624040921
https://www.kotacom.id/download-custom-rom-s10-plus-romofficial-lineageos-20-for-galaxy-s10e-s10-s10-s10-5g-exynos,MOBILE,15,184,0.08152173913043478,17.184782608695652
https://www.kotacom.id/service-laptop-asus-surabaya,MOBILE,14,3705,0.003778677462887989,10.009986504723347
https://www.kotacom.id/jual-dvd-game-surabaya-jasa-install-game-pc-surabaya-terbaru,MOBILE,14,323,0.043343653250773995,7.513931888544891
https://www.kotacom.id/jasa-sewa-laptop-surabaya,MOBILE,13,768,0.016927083333333332,46.760416666666664
https://www.kotacom.id/jasa-recovery-data-surabaya,MOBILE,11,2029,0.005421389847215377,42.754558896007886
https://www.kotacom.id/panduan-rakit-pc-3-jutaan-terbaik-update-2025-all-new-build,MOBILE,10,141,0.07092198581560284,9.453900709219859
https://www.kotacom.id/jual-game-pc-jakarta,MOBILE,9,321,0.028037383177570093,27.97196261682243
https://www.kotacom.id/download-iso-windows-10-terbaru,MOBILE,8,868,0.009216589861751152,41.35253456221198
https://www.kotacom.id/percetakan-buku-murah-surabaya,MOBILE,8,477,0.016771488469601678,21.865828092243188
https://www.kotacom.id/it-services/jasa-install-game-dan-isi-game-surabaya,MOBILE,7,227,0.030837004405286344,9.259911894273127
https://www.kotacom.id/jual-dvd-game-surabaya-jasa-install-game-pc-surabaya-terbaru,DESKTOP,6,383,0.015665796344647518,47.87206266318538
https://www.kotacom.id/jual-game-pc-jakarta,DESKTOP,6,171,0.03508771929824561,22.228070175438596
https://www.kotacom.id/rekomendasi-pc-5-jutaan-terbaik-2025-untuk-desain-grafis-maksimal-produktivitas-minimal-anggaran,MOBILE,6,138,0.043478260869565216,12.920289855072463
https://www.kotacom.id/jasa-instal-aplikasi-surabaya,DESKTOP,5,2125,0.002352941176470588,28.718588235294117
https://www.kotacom.id/jasa-mengembalikan-data-terhapus-surabaya,MOBILE,5,688,0.007267441860465116,34.24854651162791
https://www.kotacom.id/jasa-recovery-data-surabaya,DESKTOP,5,714,0.0070028011204481795,52.938375350140056
https://www.kotacom.id/percetakan-buku-murah-surabaya,DESKTOP,5,153,0.032679738562091505,25.281045751633986
https://www.kotacom.id/booking,MOBILE,4,345,0.011594202898550725,4.452173913043478
https://www.kotacom.id/rakit-pc-10-jutaan-2025-dominasi-gaming-1440p-produktivitas,MOBILE,4,100,0.04,7.25
https://www.kotacom.id/rakit-pc-gaming-fullset-10-jutaan,MOBILE,4,454,0.00881057268722467,7.942731277533039
https://www.kotacom.id/service-komputer-surabaya-panggilan,MOBILE,4,2506,0.0015961691939345571,17.114525139664803
https://www.kotacom.id/hubungi-kami,MOBILE,3,132,0.022727272727272728,3.128787878787879
https://www.kotacom.id/jasa-instal-software-surabaya-windows-macbook,MOBILE,3,433,0.006928406466512702,33.52424942263279
https://www.kotacom.id/jasa-mengembalikan-data-terhapus-surabaya,DESKTOP,3,283,0.01060070671378092,37.28621908127209
https://www.kotacom.id/jasa-pasang-peredam-suara-surabaya-karaoke-home-theater,MOBILE,3,159,0.018867924528301886,29.044025157232703
https://www.kotacom.id/jasa-root-android-surabaya-no-root-free-bisa-unlock-custom-rom-juga,MOBILE,3,137,0.021897810218978103,16.072992700729927
https://www.kotacom.id/jasa-service-komputer-laptop-notebook-macbook-surabaya,MOBILE,3,246,0.012195121951219513,20.723577235772357
https://www.kotacom.id/jasa-service-macbook-surabaya-bisa-ditunggu,DESKTOP,3,1083,0.002770083102493075,25.75438596491228
https://www.kotacom.id/rakit-pc-10-jutaan-2025-dominasi-gaming-1440p-produktivitas,DESKTOP,3,132,0.022727272727272728,25.90909090909091
https://www.kotacom.id/rekomendasi-pc-rakitan-1-jutaan,MOBILE,3,102,0.029411764705882353,12.754901960784315
https://www.kotacom.id/service-hp-surabaya-service-android-surabaya,MOBILE,3,227,0.013215859030837005,15.48898678414097
https://www.kotacom.id/jasa-flash-hp-surabaya,DESKTOP,2,914,0.002188183807439825,48.12363238512035
https://www.kotacom.id/jasa-flash-hp-surabaya,MOBILE,2,178,0.011235955056179775,12.573033707865168
https://www.kotacom.id/jasa-install-game-dan-isi-game-surabaya,DESKTOP,2,174,0.011494252873563218,31.919540229885058
https://www.kotacom.id/jasa-install-software-microsoft-office,MOBILE,2,302,0.006622516556291391,21.357615894039736
https://www.kotacom.id/jasa-install-ulang-windows-10-surabaya-panggilan,MOBILE,2,364,0.005494505494505495,23.266483516483518
https://www.kotacom.id/jasa-install-ulang-windows-8-8-1-surabaya,MOBILE,2,953,0.002098635886673662,14.679958027282265
https://www.kotacom.id/jasa-isi-lagu-karaoke-surabaya,MOBILE,2,618,0.003236245954692557,20.85275080906149
https://www.kotacom.id/jasa-pasang-peredam-suara-surabaya-karaoke-home-theater,DESKTOP,2,579,0.0034542314335060447,47.05008635578584
https://www.kotacom.id/jasa-pembuatan-website-surabaya,MOBILE,2,2234,0.0008952551477170994,68.2461951656222
https://www.kotacom.id/jasa-service-macbook-surabaya-bisa-ditunggu,MOBILE,2,1519,0.0013166556945358788,18.73996050032916
https://www.kotacom.id/pasang-alarm-motor-surabaya-pasang-gps-motor-surabaya,MOBILE,2,87,0.022988505747126436,12.10344827586207
https://www.kotacom.id/product/pc-rakitan-core-i3-3210-gen-3-4gb-500gb-rakit-pc-surabaya,DESKTOP,2,59,0.03389830508474576,22.627118644067796
https://www.kotacom.id/rakit-pc-gaming-5-jutaan-fullset,DESKTOP,2,263,0.0076045627376425855,25.76045627376426
https://www.kotacom.id/rakit-pc-gaming-5-jutaan-fullset,MOBILE,2,128,0.015625,9.078125
https://www.kotacom.id/rekomendasi-jual-game-pc-cilegon,MOBILE,2,28,0.07142857142857142,32.14285714285714
https://www.kotacom.id/service-hp-surabaya-service-android-surabaya,DESKTOP,2,417,0.004796163069544364,23.942446043165468
https://www.kotacom.id/service-laptop-asus-surabaya,DESKTOP,2,1240,0.0016129032258064516,16.47822580645161
https://www.kotacom.id/shop,MOBILE,2,149,0.013422818791946308,4.073825503355705
https://www.kotacom.id/terbaik-jual-game-pc-cirebon,MOBILE,2,56,0.03571428571428571,9.875
https://www.kotacom.id/terbaik-rakit-pc-4-jutaan-terbaik-2025,MOBILE,2,52,0.038461538461538464,11.826923076923077
https://www.kotacom.id/jual-dvd-game-surabaya-jasa-install-game-pc-surabaya-terbaru,TABLET,2,13,0.15384615384615385,4.6923076923076925
https://www.kotacom.id/,TABLET,1,21,0.047619047619047616,5.809523809523809
https://www.kotacom.id/category/developer-community,MOBILE,1,1,1,120
https://www.kotacom.id/category/pinco,MOBILE,1,1,1,4
https://www.kotacom.id/download-custom-rom-s10-plus-romofficial-lineageos-20-for-galaxy-s10e-s10-s10-s10-5g-exynos,DESKTOP,1,183,0.00546448087431694,38.21311475409836
https://www.kotacom.id/download-iso-windows-10-terbaru,TABLET,1,2,0.5,43.5
https://www.kotacom.id/download-pes-2016-iso-game-pc,TABLET,1,11,0.09090909090909091,11.818181818181818
https://www.kotacom.id/isi-game-pc-surabaya,DESKTOP,1,16,0.0625,25.25
https://www.kotacom.id/isi-game-pc-surabaya,MOBILE,1,124,0.008064516129032258,11.959677419354838
https://www.kotacom.id/it-services/jasa-install-ulang-windows-surabaya,DESKTOP,1,90,0.011111111111111112,12.777777777777779
https://www.kotacom.id/it-services/jasa-install-ulang-windows-surabaya,MOBILE,1,93,0.010752688172043012,11.258064516129032
https://www.kotacom.id/jasa-cetak-buku-dari-pdf-surabaya,MOBILE,1,201,0.004975124378109453,16.567164179104477
https://www.kotacom.id/jasa-cetak-buku-sekolah,MOBILE,1,35,0.02857142857142857,36.2
https://www.kotacom.id/jasa-cetak-buku-sidoarjo,MOBILE,1,26,0.038461538461538464,7.538461538461538
https://www.kotacom.id/jasa-cetak-buku-surabaya,TABLET,1,56,0.017857142857142856,4.553571428571429
https://www.kotacom.id/jasa-install-autocad-2010-2013-2016-surabaya-sidoarjo,MOBILE,1,3,0.3333333333333333,10.333333333333334
https://www.kotacom.id/jasa-install-game-pc-laptop-xbox-ps3-ps4-lengkap-dan-update-jasa-install-game-pc-laptop-xbox-ps3-ps4-surabaya-sidoarjo,DESKTOP,1,13,0.07692307692307693,28.46153846153846
https://www.kotacom.id/jasa-install-game-pc-laptop-xbox-ps3-ps4-lengkap-dan-update-jasa-install-game-pc-laptop-xbox-ps3-ps4-surabaya-sidoarjo,MOBILE,1,115,0.008695652173913044,39.13913043478261
https://www.kotacom.id/jasa-install-game-surabaya,MOBILE,1,39,0.02564102564102564,14.948717948717949
https://www.kotacom.id/jasa-install-linux-install-server-linux,MOBILE,1,26,0.038461538461538464,7.730769230769231
https://www.kotacom.id/jasa-install-microsoft-office-cepat-dan-bergaransi,MOBILE,1,160,0.00625,10.225
https://www.kotacom.id/jasa-install-sketchup-online-cepat-mudah-bergaransi,DESKTOP,1,42,0.023809523809523808,41.857142857142854
https://www.kotacom.id/jasa-install-ulang-windows-surabaya,MOBILE,1,284,0.0035211267605633804,12.309859154929578
https://www.kotacom.id/jasa-install-windows-11-surabaya,MOBILE,1,292,0.003424657534246575,23.517123287671232
https://www.kotacom.id/jasa-isi-film-surabaya-full-hd-hd-2k-4k-semua-genre,MOBILE,1,18,0.05555555555555555,12.61111111111111
https://www.kotacom.id/jasa-rakit-pc-surabaya-gresik-malang-sidoarjo,MOBILE,1,484,0.002066115702479339,21.570247933884296
https://www.kotacom.id/jasa-rakit-pc-surabaya-murah,TABLET,1,60,0.016666666666666666,16.166666666666664
https://www.kotacom.id/jasa-rakit-pc-unbk-server-client-terbaik-termurah,DESKTOP,1,300,0.0033333333333333335,44.943333333333335
https://www.kotacom.id/jasa-rakit-pc-unbk-server-client-terbaik-termurah,MOBILE,1,354,0.002824858757062147,13.322033898305085
https://www.kotacom.id/jasa-sewa-laptop-surabaya,DESKTOP,1,2602,0.0003843197540353574,49.568408916218296
https://www.kotacom.id/jual-pc-rakitan-surabaya-sehari-jadi-murah-berkwalitas,MOBILE,1,20,0.05,30.35
https://www.kotacom.id/paket-home-karaoke-komputer-karaoke-murah-low-budget-rumahan,DESKTOP,1,83,0.012048192771084338,44.24096385542169
https://www.kotacom.id/panduan-rakit-pc-3-jutaan-terbaik-update-2025-all-new-build,TABLET,1,5,0.2,3.4
https://www.kotacom.id/pc-gaming-fullset-murah-2-jutaan-realita-kompromi-ekstrim-2025,MOBILE,1,243,0.00411522633744856,7.567901234567901
https://www.kotacom.id/pc-gaming-fullset-murah-2-jutaan-realita-kompromi-ekstrim-2025,TABLET,1,13,0.07692307692307693,7.3076923076923075
https://www.kotacom.id/product/amd-ryzen-7-ram-16gb-vga-rx-550-4gb-ddr5-ssd-1tb,MOBILE,1,3,0.3333333333333333,7
https://www.kotacom.id/product/pc-rakitan-gaming-amd-am4-ryzen-7-2700-ssd-120gb-8gb-500gb,DESKTOP,1,173,0.005780346820809248,21.115606936416185
https://www.kotacom.id/product/pc-rakitan-gaming-core-i7-8700-ssd-120gb-8gb-gtx-1650-4gb,MOBILE,1,5,0.2,12.8
https://www.kotacom.id/rakit-pc-6-jutaan-2025-mesin-gaming-1080p-high-setting-terbaik,DESKTOP,1,42,0.023809523809523808,31.047619047619047
https://www.kotacom.id/rakit-pc-gaming-fullset-10-jutaan,DESKTOP,1,215,0.004651162790697674,23.893023255813954
https://www.kotacom.id/rakit-pc-gaming-fullset-10-jutaan,TABLET,1,9,0.1111111111111111,8.11111111111111
https://www.kotacom.id/rakit-pc-surabaya-pc-rakitan-surabaya,MOBILE,1,104,0.009615384615384616,10.60576923076923
https://www.kotacom.id/rekomendasi-jual-game-pc-jember,MOBILE,1,25,0.04,20.68
https://www.kotacom.id/rekomendasi-jual-game-pc-pemalang,MOBILE,1,5,0.2,3.8
https://www.kotacom.id/rekomendasi-pc-5-jutaan-terbaik-2025-untuk-desain-grafis-maksimal-produktivitas-minimal-anggaran,DESKTOP,1,121,0.008264462809917356,27.09090909090909
https://www.kotacom.id/rekomendasi-rakit-pc-5-jutaan,TABLET,1,419,0.002386634844868735,7.673031026252984
https://www.kotacom.id/service-komputer-surabaya-panggilan,DESKTOP,1,990,0.00101010101010101,48.903030303030306
https://www.kotacom.id/service,MOBILE,1,40,0.025,2.4
https://www.kotacom.id/service/jasa-pembuatan-software-surabaya,MOBILE,1,556,0.0017985611510791368,50.6205035971223
https://www.kotacom.id/sewa-karaoke-surabaya-gresik-malang-sidoarjo-pacet-trawas-jawatimur,MOBILE,1,61,0.01639344262295082,38.19672131147541
https://www.kotacom.id/tempat-isi-game-pc-surabaya,DESKTOP,1,16,0.0625,15.25
https://www.kotacom.id/terbaik-jual-game-pc-cirebon,DESKTOP,1,123,0.008130081300813009,50.53658536585366
https://www.kotacom.id/terbaik-rakit-pc-4-jutaan-terbaik-2025,DESKTOP,1,94,0.010638297872340425,19.425531914893618
https://www.kotacom.id/termurah-jual-lagu-karaoke-laptop-komputer-hardisk-hdd-lagu-karaoke-surabaya-sidoarjo,MOBILE,1,221,0.004524886877828055,61.30316742081448
https://www.kotacom.id/20-business-blogs-that-will-blow-your-mind,DESKTOP,0,15,0,88.2
https://www.kotacom.id/20-business-blogs-that-will-blow-your-mind,MOBILE,0,5,0,87
https://www.kotacom.id/411062-2,DESKTOP,0,3,0,33
https://www.kotacom.id/411081-2,DESKTOP,0,5,0,38.8
https://www.kotacom.id/411081-2,MOBILE,0,1,0,25
https://www.kotacom.id/5-ide-finishing-cover-buku-yang-bikin-pembaca-jatuh-cinta-pada-pandangan-pertama,DESKTOP,0,1,0,28
https://www.kotacom.id/5-ide-finishing-cover-buku-yang-bikin-pembaca-jatuh-cinta-pada-pandangan-pertama,TABLET,0,1,0,10
https://www.kotacom.id/5-kriteria-penting-memilih-jasa-cetak-buku-terbaik-untuk-karya-anda,DESKTOP,0,1,0,52
https://www.kotacom.id/5-rekomendasi-jasa-layout-buku-profesional-di-surabaya-harga-portofolio,DESKTOP,0,11,0,41.81818181818182
https://www.kotacom.id/5-rekomendasi-jasa-layout-buku-profesional-di-surabaya-harga-portofolio,MOBILE,0,1,0,46
https://www.kotacom.id/about,DESKTOP,0,33,0,11.575757575757576
https://www.kotacom.id/about,MOBILE,0,38,0,8.026315789473685
https://www.kotacom.id/about-us,DESKTOP,0,12,0,15.833333333333334
https://www.kotacom.id/about-us,MOBILE,0,32,0,2.96875
https://www.kotacom.id/backup-recovery-surabaya-2025,DESKTOP,0,1,0,11
https://www.kotacom.id/berapa-biaya-cetak-buku-sendiri-ini-rincian-simulasinya,DESKTOP,0,23,0,47.69565217391305
https://www.kotacom.id/berapa-biaya-cetak-buku-sendiri-ini-rincian-simulasinya,MOBILE,0,3,0,54.666666666666664
https://www.kotacom.id/berapa-biaya-cetak-buku-sendiri-panduan-lengkap-untuk-penulis-pemula,DESKTOP,0,1,0,81
https://www.kotacom.id/best-music-apps-for-smartwatches-elevate-your-listening-experience,DESKTOP,0,1,0,44
https://www.kotacom.id/best-online-casinos-nz-2025-trusted-quick-payouts-huge-bonuses,DESKTOP,0,39,0,76.43589743589743
https://www.kotacom.id/blog-4,DESKTOP,0,9,0,59.77777777777778
https://www.kotacom.id/blog-4,MOBILE,0,1,0,1
https://www.kotacom.id/blog/coworking-space-tech-surabaya,DESKTOP,0,6,0,78.5
https://www.kotacom.id/blog/custom-software,DESKTOP,0,1,0,95
https://www.kotacom.id/blog/it-infrastructure-planning-surabaya,DESKTOP,0,3,0,63.333333333333336
https://www.kotacom.id/blog/jasa-it-support-surabaya-sidoarjo-terpercaya-24jam,DESKTOP,0,5,0,46.4
https://www.kotacom.id/blog/jasa-it-support-surabaya-sidoarjo-terpercaya-24jam,MOBILE,0,2,0,11
https://www.kotacom.id/blog/jasa-pembuatan-website-surabaya-sidoarjo-terbaik,DESKTOP,0,5,0,74.8
https://www.kotacom.id/blog/konsultan-it-sidoarjo-terpercaya-2025,DESKTOP,0,2,0,71.5
https://www.kotacom.id/blog/konsultan-it-sidoarjo-terpercaya-2025,MOBILE,0,1,0,62
https://www.kotacom.id/blog/page/12,MOBILE,0,4,0,2.25
https://www.kotacom.id/blog/panduan-memilih-sistem-pos-untuk-umkm-indonesia,DESKTOP,0,45,0,90.04444444444445
https://www.kotacom.id/blog/smart-city-surabaya-teknologi,DESKTOP,0,2,0,54
https://www.kotacom.id/blog/software-development-surabaya-terbaik-2025,DESKTOP,0,11,0,74.63636363636364
https://www.kotacom.id/blog/software-development-surabaya-terbaik-2025,MOBILE,0,6,0,88
https://www.kotacom.id/blog/software-development-surabaya,DESKTOP,0,22,0,87
https://www.kotacom.id/blog/software-development-surabaya,MOBILE,0,6,0,97
https://www.kotacom.id/blog/transformasi-bisnis,DESKTOP,0,49,0,77.16326530612245
https://www.kotacom.id/blog/transformasi-bisnis,MOBILE,0,26,0,77.6923076923077
https://www.kotacom.id/blog/web-design-responsive-surabaya,DESKTOP,0,2,0,23.5
https://www.kotacom.id/blog/web-developer-terdekat,DESKTOP,0,2,0,101
https://www.kotacom.id/booking,DESKTOP,0,190,0,18.231578947368423
https://www.kotacom.id/booking,TABLET,0,3,0,2.6666666666666665
https://www.kotacom.id/bukmekerskie-kontory-i-nalog-na-vyigryshi-chto-nuzhno-znat,DESKTOP,0,5,0,61
https://www.kotacom.id/bukmekerskie-kontory-i-nalog-na-vyigryshi-chto-nuzhno-znat,MOBILE,0,2,0,29.5
https://www.kotacom.id/bukmekerskie-kontory-i-nalog-na-vyigryshi-chto-nuzhno-znat,TABLET,0,1,0,51
https://www.kotacom.id/cara-membuat-sticky-note-windows-10,DESKTOP,0,91,0,66.15384615384616
https://www.kotacom.id/cara-membuat-sticky-note-windows-10,MOBILE,0,2,0,40
https://www.kotacom.id/cara-menyiapkan-file-siap-cetak-untuk-buku-anti-ditolak,DESKTOP,0,2,0,49
https://www.kotacom.id/cara-menyiapkan-file-siap-cetak-untuk-buku-anti-ditolak,MOBILE,0,15,0,9.133333333333333
https://www.kotacom.id/cara-menyiapkan-file-siap-cetak-untuk-buku-anti-ditolak,TABLET,0,1,0,9
https://www.kotacom.id/category,DESKTOP,0,2,0,97.5
https://www.kotacom.id/category/888starz-bd,DESKTOP,0,1,0,37
https://www.kotacom.id/category/biaya-cetak,MOBILE,0,1,0,28
https://www.kotacom.id/category/casino,DESKTOP,0,2,0,25.5
https://www.kotacom.id/category/casino,MOBILE,0,2,0,27
https://www.kotacom.id/category/cetak-satuan,MOBILE,0,1,0,19
https://www.kotacom.id/category/crazy-time,DESKTOP,0,1,0,8
https://www.kotacom.id/category/custom-software,DESKTOP,0,1,0,89
https://www.kotacom.id/category/desain-layout,DESKTOP,0,5,0,13.8
https://www.kotacom.id/category/desain-layout,MOBILE,0,13,0,22.307692307692307
https://www.kotacom.id/category/developer-community,DESKTOP,0,25,0,76.04
https://www.kotacom.id/category/finishing-buku,DESKTOP,0,2,0,42
https://www.kotacom.id/category/it-support,DESKTOP,0,1,0,61
https://www.kotacom.id/category/jasa-install-software-windows,DESKTOP,0,3,0,19.666666666666668
https://www.kotacom.id/category/jasa-install-ulang-windows,DESKTOP,0,2,0,70.5
https://www.kotacom.id/category/jasa-install,DESKTOP,0,1,0,79
https://www.kotacom.id/category/jasa-isi-film-surabaya,DESKTOP,0,2,0,32.5
https://www.kotacom.id/category/jasa-isi-film-surabaya,MOBILE,0,1,0,13
https://www.kotacom.id/category/jasa-it-support,DESKTOP,0,26,0,81.96153846153847
https://www.kotacom.id/category/jasa-it-support,MOBILE,0,11,0,83.27272727272727
https://www.kotacom.id/category/jasa-pendukung,MOBILE,0,1,0,28
https://www.kotacom.id/category/jasa-recovery-data,DESKTOP,0,2,0,50
https://www.kotacom.id/category/jasa-root-android,DESKTOP,0,1,0,11
https://www.kotacom.id/category/jasa-root-android,MOBILE,0,8,0,11.25
https://www.kotacom.id/category/jual-pc-karaoke,DESKTOP,0,1,0,52
https://www.kotacom.id/category/layanan-cepat,MOBILE,0,1,0,2
https://www.kotacom.id/category/layanan-cetak,MOBILE,0,2,0,6.5
https://www.kotacom.id/category/layanan-mahasiswa,MOBILE,0,1,0,11
https://www.kotacom.id/category/layanan-panggilan,MOBILE,0,1,0,20
https://www.kotacom.id/category/layanan-tambahan,DESKTOP,0,3,0,10
https://www.kotacom.id/category/layanan-tambahan,MOBILE,0,3,0,27.666666666666668
https://www.kotacom.id/category/legalitas-buku,DESKTOP,0,1,0,59
https://www.kotacom.id/category/macbook,DESKTOP,0,3,0,61.666666666666664
https://www.kotacom.id/category/maintenance-komputer,DESKTOP,0,3,0,49.333333333333336
https://www.kotacom.id/category/new,MOBILE,0,2,0,5
https://www.kotacom.id/category/online-shop,DESKTOP,0,14,0,5.642857142857143
https://www.kotacom.id/category/online-shop,MOBILE,0,13,0,11.923076923076923
https://www.kotacom.id/category/pos-system,DESKTOP,0,1,0,91
https://www.kotacom.id/category/sanity-io,DESKTOP,0,9,0,57.77777777777778
https://www.kotacom.id/category/scalability,DESKTOP,0,3,0,60
https://www.kotacom.id/category/sewa-laptop,DESKTOP,0,2,0,51.5
https://www.kotacom.id/category/sidoarjo,DESKTOP,0,1,0,89
https://www.kotacom.id/category/spesifikasi-buku,DESKTOP,0,9,0,39.666666666666664
https://www.kotacom.id/category/spesifikasi-buku,MOBILE,0,2,0,12
https://www.kotacom.id/category/startup-hub,DESKTOP,0,1,0,98
https://www.kotacom.id/category/stkbank-ru-pinko-kazino-5000-ru,DESKTOP,0,8,0,75.25
https://www.kotacom.id/category/stkbank-ru-pinko-kazino-5000-ru,MOBILE,0,7,0,75.28571428571429
https://www.kotacom.id/category/surabaya,DESKTOP,0,1,0,84
https://www.kotacom.id/category/surabaya,MOBILE,0,2,0,1.5
https://www.kotacom.id/category/sweet-bonanza,DESKTOP,0,1,0,19
https://www.kotacom.id/category/tags,DESKTOP,0,1,0,6
https://www.kotacom.id/category/tes-2,DESKTOP,0,1,0,13
https://www.kotacom.id/category/toko-online,MOBILE,0,1,0,2
https://www.kotacom.id/cetak-buku-full-color-vs-hitam-putih-mana-lebih-untung,MOBILE,0,103,0,1.9902912621359223
https://www.kotacom.id/cetak-buku-full-color-vs-hitam-putih-mana-lebih-untung,TABLET,0,1,0,2
https://www.kotacom.id/contact,DESKTOP,0,4,0,28.5
https://www.kotacom.id/contact,MOBILE,0,16,0,6
https://www.kotacom.id/design-jasa-pembuatan-website-surabaya,DESKTOP,0,664,0,59.725903614457835
https://www.kotacom.id/design-jasa-pembuatan-website-surabaya,MOBILE,0,113,0,37.60176991150443
https://www.kotacom.id/digital-product,DESKTOP,0,1,0,1
https://www.kotacom.id/digital-product,MOBILE,0,1,0,2
https://www.kotacom.id/digital-product/jasa-isi-film-surabaya,DESKTOP,0,1,0,20
https://www.kotacom.id/digital-product/jual-dvd-game-surabaya-jasa-install-game-pc-surabaya-terbaru,DESKTOP,0,81,0,51.96296296296296
https://www.kotacom.id/digital-product/jual-dvd-game-surabaya-jasa-install-game-pc-surabaya-terbaru,MOBILE,0,123,0,5.219512195121951
https://www.kotacom.id/download-custom-rom-s10-plus-romofficial-lineageos-20-for-galaxy-s10e-s10-s10-s10-5g-exynos,TABLET,0,1,0,43
https://www.kotacom.id/download-oneui-5-1-for-exynos-galaxy-s10-series,DESKTOP,0,1,0,44
https://www.kotacom.id/download-oneui-5-1-for-exynos-galaxy-s10-series,MOBILE,0,1,0,53
https://www.kotacom.id/download,DESKTOP,0,2,0,40.5
https://www.kotacom.id/download,MOBILE,0,14,0,36.07142857142857
https://www.kotacom.id/download/author/kotacom,DESKTOP,0,1,0,13
https://www.kotacom.id/download/blog,DESKTOP,0,1,0,3
https://www.kotacom.id/harga-jasa-pembuatan-website-surabaya,DESKTOP,0,849,0,66.60895170789163
https://www.kotacom.id/harga-jasa-pembuatan-website-surabaya,MOBILE,0,107,0,73.72897196261682
https://www.kotacom.id/hingga-semua-nampak-jelas-dan-bermakna,MOBILE,0,1,0,101
https://www.kotacom.id/home-2,DESKTOP,0,6,0,6.333333333333333
https://www.kotacom.id/home-2,MOBILE,0,7,0,8.571428571428571
https://www.kotacom.id/home,DESKTOP,0,7,0,37.714285714285715
https://www.kotacom.id/hubungi-kami,DESKTOP,0,154,0,43.246753246753244
https://www.kotacom.id/isi-game-pc-surabaya,TABLET,0,1,0,10
https://www.kotacom.id/it-services/jasa-install-game-dan-isi-game-surabaya,DESKTOP,0,51,0,8.450980392156863
https://www.kotacom.id/it-services/jasa-pembuatan-software-surabaya,DESKTOP,0,317,0,48.33123028391167
https://www.kotacom.id/it-services/jasa-pembuatan-software-surabaya,MOBILE,0,64,0,37.9375
https://www.kotacom.id/it-services/jasa-pembuatan-software-surabaya,TABLET,0,1,0,28
https://www.kotacom.id/jasa-cetak-buku-aceh-barat-daya,MOBILE,0,1,0,19
https://www.kotacom.id/jasa-cetak-buku-aceh-singkil,DESKTOP,0,64,0,35.328125
https://www.kotacom.id/jasa-cetak-buku-alor,DESKTOP,0,24,0,51.208333333333336
https://www.kotacom.id/jasa-cetak-buku-ambon,DESKTOP,0,22,0,58.31818181818182
https://www.kotacom.id/jasa-cetak-buku-balikpapan,DESKTOP,0,25,0,84.84
https://www.kotacom.id/jasa-cetak-buku-balikpapan,MOBILE,0,1,0,13
https://www.kotacom.id/jasa-cetak-buku-banda-aceh,DESKTOP,0,5,0,92.4
https://www.kotacom.id/jasa-cetak-buku-bangka-barat,DESKTOP,0,85,0,59.62352941176471
https://www.kotacom.id/jasa-cetak-buku-bangli,DESKTOP,0,1,0,48
https://www.kotacom.id/jasa-cetak-buku-banjar,MOBILE,0,1,0,6
https://www.kotacom.id/jasa-cetak-buku-banjarmasin,DESKTOP,0,3,0,8
https://www.kotacom.id/jasa-cetak-buku-banjarmasin,MOBILE,0,63,0,9.857142857142858
https://www.kotacom.id/jasa-cetak-buku-banjarmasin,TABLET,0,1,0,9
https://www.kotacom.id/jasa-cetak-buku-bantaeng,MOBILE,0,2,0,94
https://www.kotacom.id/jasa-cetak-buku-batu-bara,DESKTOP,0,41,0,70.51219512195122
https://www.kotacom.id/jasa-cetak-buku-bau-bau,MOBILE,0,4,0,11.75
https://www.kotacom.id/jasa-cetak-buku-bener-meriah,DESKTOP,0,1,0,1
https://www.kotacom.id/jasa-cetak-buku-bener-meriah,MOBILE,0,4,0,9.25
https://www.kotacom.id/jasa-cetak-buku-bengkulu-selatan,DESKTOP,0,7,0,41
https://www.kotacom.id/jasa-cetak-buku-bengkulu-selatan,MOBILE,0,1,0,8
https://www.kotacom.id/jasa-cetak-buku-bengkulu-tengah,DESKTOP,0,2,0,40
https://www.kotacom.id/jasa-cetak-buku-bengkulu-tengah,MOBILE,0,3,0,8.333333333333332
https://www.kotacom.id/jasa-cetak-buku-bengkulu-utara,DESKTOP,0,8,0,72.125
https://www.kotacom.id/jasa-cetak-buku-bima,DESKTOP,0,1,0,51
https://www.kotacom.id/jasa-cetak-buku-bintan,DESKTOP,0,4,0,1
https://www.kotacom.id/jasa-cetak-buku-bulukumba,DESKTOP,0,9,0,19.444444444444443
https://www.kotacom.id/jasa-cetak-buku-bulukumba,MOBILE,0,14,0,7.357142857142857
https://www.kotacom.id/jasa-cetak-buku-buton-utara,MOBILE,0,1,0,7
https://www.kotacom.id/jasa-cetak-buku-dairi,DESKTOP,0,46,0,43.43478260869565
https://www.kotacom.id/jasa-cetak-buku-dairi,MOBILE,0,19,0,7.7368421052631575
https://www.kotacom.id/jasa-cetak-buku-dari-pdf-surabaya,DESKTOP,0,239,0,49.46861924686193
https://www.kotacom.id/jasa-cetak-buku-dari-pdf-surabaya,TABLET,0,3,0,4.666666666666666
https://www.kotacom.id/jasa-cetak-buku-fakfak,MOBILE,0,1,0,5
https://www.kotacom.id/jasa-cetak-buku-gianyar,DESKTOP,0,1,0,25
https://www.kotacom.id/jasa-cetak-buku-gianyar,MOBILE,0,14,0,3.857142857142857
https://www.kotacom.id/jasa-cetak-buku-gorontalo,DESKTOP,0,2,0,9
https://www.kotacom.id/jasa-cetak-buku-gunung-mas,DESKTOP,0,9,0,16
https://www.kotacom.id/jasa-cetak-buku-gunung-mas,MOBILE,0,39,0,12.564102564102564
https://www.kotacom.id/jasa-cetak-buku-gunungsitoli,MOBILE,0,1,0,4
https://www.kotacom.id/jasa-cetak-buku-halmahera-tengah,DESKTOP,0,6,0,30.166666666666668
https://www.kotacom.id/jasa-cetak-buku-intan-jaya,DESKTOP,0,2,0,80.5
https://www.kotacom.id/jasa-cetak-buku-intan-jaya,MOBILE,0,2,0,1
https://www.kotacom.id/jasa-cetak-buku-jayapura,DESKTOP,0,3,0,11
https://www.kotacom.id/jasa-cetak-buku-jayapura,MOBILE,0,14,0,11.785714285714286
https://www.kotacom.id/jasa-cetak-buku-jayawijaya,DESKTOP,0,2,0,99
https://www.kotacom.id/jasa-cetak-buku-karimun,DESKTOP,0,2,0,33
https://www.kotacom.id/jasa-cetak-buku-kendari,MOBILE,0,2,0,7.5
https://www.kotacom.id/jasa-cetak-buku-kepahiang,DESKTOP,0,1,0,103
https://www.kotacom.id/jasa-cetak-buku-kepulauan-mentawai,DESKTOP,0,17,0,47.64705882352941
https://www.kotacom.id/jasa-cetak-buku-kepulauan-sangihe,MOBILE,0,1,0,2
https://www.kotacom.id/jasa-cetak-buku-kepulauan-yapen,DESKTOP,0,7,0,63.42857142857143
https://www.kotacom.id/jasa-cetak-buku-ketapang,MOBILE,0,1,0,3
https://www.kotacom.id/jasa-cetak-buku-kolaka-timur,MOBILE,0,2,0,7.5
https://www.kotacom.id/jasa-cetak-buku-kolaka-utara,MOBILE,0,8,0,9.75
https://www.kotacom.id/jasa-cetak-buku-kolaka,DESKTOP,0,1,0,61
https://www.kotacom.id/jasa-cetak-buku-kolaka,MOBILE,0,5,0,13.6
https://www.kotacom.id/jasa-cetak-buku-konawe-kepulauan,DESKTOP,0,16,0,36.625
https://www.kotacom.id/jasa-cetak-buku-kotabaru,MOBILE,0,2,0,8.5
https://www.kotacom.id/jasa-cetak-buku-kotawaringin-timur,DESKTOP,0,2,0,32
https://www.kotacom.id/jasa-cetak-buku-kutai-barat,DESKTOP,0,29,0,33.41379310344828
https://www.kotacom.id/jasa-cetak-buku-lampung-selatan,DESKTOP,0,1,0,61
https://www.kotacom.id/jasa-cetak-buku-lebong,MOBILE,0,1,0,8
https://www.kotacom.id/jasa-cetak-buku-lembata,DESKTOP,0,1,0,28
https://www.kotacom.id/jasa-cetak-buku-lombok-barat,MOBILE,0,1,0,7
https://www.kotacom.id/jasa-cetak-buku-lombok-timur,MOBILE,0,8,0,2.75
https://www.kotacom.id/jasa-cetak-buku-lubuklinggau,DESKTOP,0,3,0,6.666666666666667
https://www.kotacom.id/jasa-cetak-buku-lubuklinggau,MOBILE,0,104,0,5.884615384615385
https://www.kotacom.id/jasa-cetak-buku-manggarai-barat,DESKTOP,0,56,0,46.82142857142857
https://www.kotacom.id/jasa-cetak-buku-manokwari-selatan,DESKTOP,0,53,0,34.660377358490564
https://www.kotacom.id/jasa-cetak-buku-manokwari-selatan,MOBILE,0,19,0,9.68421052631579
https://www.kotacom.id/jasa-cetak-buku-manokwari-selatan,TABLET,0,1,0,11
https://www.kotacom.id/jasa-cetak-buku-manokwari,DESKTOP,0,13,0,35.38461538461539
https://www.kotacom.id/jasa-cetak-buku-manokwari,MOBILE,0,5,0,8.4
https://www.kotacom.id/jasa-cetak-buku-mappi,DESKTOP,0,2,0,56.5
https://www.kotacom.id/jasa-cetak-buku-mappi,MOBILE,0,1,0,54
https://www.kotacom.id/jasa-cetak-buku-mataram,DESKTOP,0,1,0,8
https://www.kotacom.id/jasa-cetak-buku-mataram,MOBILE,0,1,0,6
https://www.kotacom.id/jasa-cetak-buku-maybrat,DESKTOP,0,33,0,25.757575757575758
https://www.kotacom.id/jasa-cetak-buku-medan,DESKTOP,0,4,0,51.25
https://www.kotacom.id/jasa-cetak-buku-medan,MOBILE,0,62,0,11.64516129032258
https://www.kotacom.id/jasa-cetak-buku-merangin,DESKTOP,0,15,0,65.2
https://www.kotacom.id/jasa-cetak-buku-mojokerto,DESKTOP,0,145,0,48.53103448275862
https://www.kotacom.id/jasa-cetak-buku-mojokerto,MOBILE,0,3,0,10.333333333333334
https://www.kotacom.id/jasa-cetak-buku-morowali-utara,DESKTOP,0,89,0,56.842696629213485
https://www.kotacom.id/jasa-cetak-buku-morowali-utara/cetak,DESKTOP,0,9,0,66.33333333333333
https://www.kotacom.id/jasa-cetak-buku-morowali,DESKTOP,0,61,0,64.26229508196721
https://www.kotacom.id/jasa-cetak-buku-muara-enim,MOBILE,0,7,0,5.571428571428571
https://www.kotacom.id/jasa-cetak-buku-musi-rawas-utara,DESKTOP,0,75,0,48.93333333333333
https://www.kotacom.id/jasa-cetak-buku-musi-rawas,DESKTOP,0,33,0,34.60606060606061
https://www.kotacom.id/jasa-cetak-buku-nabire,DESKTOP,0,2,0,9.5
https://www.kotacom.id/jasa-cetak-buku-nabire,MOBILE,0,11,0,8.90909090909091
https://www.kotacom.id/jasa-cetak-buku-novel-murah,DESKTOP,0,278,0,57.26618705035971
https://www.kotacom.id/jasa-cetak-buku-novel-murah,MOBILE,0,76,0,51.80263157894737
https://www.kotacom.id/jasa-cetak-buku-nunukan,DESKTOP,0,1,0,27
https://www.kotacom.id/jasa-cetak-buku-ogan-komering-ulu,DESKTOP,0,75,0,50.56
https://www.kotacom.id/jasa-cetak-buku-on-demand-solusi-cerdas-penulis-pemula,DESKTOP,0,15,0,67
https://www.kotacom.id/jasa-cetak-buku-padang-lawas,DESKTOP,0,1,0,11
https://www.kotacom.id/jasa-cetak-buku-padang,DESKTOP,0,10,0,78.6
https://www.kotacom.id/jasa-cetak-buku-padang,MOBILE,0,1,0,9
https://www.kotacom.id/jasa-cetak-buku-palangka-raya,MOBILE,0,2,0,6
https://www.kotacom.id/jasa-cetak-buku-palembang,MOBILE,0,5,0,10
https://www.kotacom.id/jasa-cetak-buku-palu,DESKTOP,0,1,0,37
https://www.kotacom.id/jasa-cetak-buku-palu,MOBILE,0,1,0,6
https://www.kotacom.id/jasa-cetak-buku-paniai,DESKTOP,0,1,0,33
https://www.kotacom.id/jasa-cetak-buku-parigi-moutong,DESKTOP,0,4,0,64
https://www.kotacom.id/jasa-cetak-buku-paser,DESKTOP,0,4,0,21.5
https://www.kotacom.id/jasa-cetak-buku-pesisir-barat,DESKTOP,0,1,0,100
https://www.kotacom.id/jasa-cetak-buku-pesisir-selatan,DESKTOP,0,63,0,41.19047619047619
https://www.kotacom.id/jasa-cetak-buku-pohuwato,DESKTOP,0,2,0,30.5
https://www.kotacom.id/jasa-cetak-buku-polewali-mandar,DESKTOP,0,13,0,35.38461538461539
https://www.kotacom.id/jasa-cetak-buku-pontianak,DESKTOP,0,91,0,49.84615384615385
https://www.kotacom.id/jasa-cetak-buku-prabumulih,DESKTOP,0,1,0,23
https://www.kotacom.id/jasa-cetak-buku-prabumulih,MOBILE,0,1,0,9
https://www.kotacom.id/jasa-cetak-buku-pringsewu,DESKTOP,0,1,0,10
https://www.kotacom.id/jasa-cetak-buku-pringsewu,MOBILE,0,17,0,8
https://www.kotacom.id/jasa-cetak-buku-raja-ampat,DESKTOP,0,1,0,52
https://www.kotacom.id/jasa-cetak-buku-rejang-lebong,MOBILE,0,1,0,12
https://www.kotacom.id/jasa-cetak-buku-rokan-hulu,DESKTOP,0,52,0,41.98076923076923
https://www.kotacom.id/jasa-cetak-buku-sabang,DESKTOP,0,24,0,52.125
https://www.kotacom.id/jasa-cetak-buku-sabang,MOBILE,0,16,0,10
https://www.kotacom.id/jasa-cetak-buku-samarinda,DESKTOP,0,3,0,34.333333333333336
https://www.kotacom.id/jasa-cetak-buku-samarinda,MOBILE,0,43,0,9.023255813953488
https://www.kotacom.id/jasa-cetak-buku-samosir,DESKTOP,0,45,0,54.71111111111111
https://www.kotacom.id/jasa-cetak-buku-sarolangun,DESKTOP,0,46,0,28.956521739130434
https://www.kotacom.id/jasa-cetak-buku-satuan-terdekat-ini-5-pilihan-terbaik,TABLET,0,1,0,11
https://www.kotacom.id/jasa-cetak-buku-sekolah,DESKTOP,0,125,0,63.12
https://www.kotacom.id/jasa-cetak-buku-siak,DESKTOP,0,50,0,63.76
https://www.kotacom.id/jasa-cetak-buku-sibolga,MOBILE,0,12,0,10.25
https://www.kotacom.id/jasa-cetak-buku-sidoarjo,DESKTOP,0,19,0,38.89473684210526
https://www.kotacom.id/jasa-cetak-buku-sigi,DESKTOP,0,58,0,69.39655172413794
https://www.kotacom.id/jasa-cetak-buku-singkawang,DESKTOP,0,2,0,12
https://www.kotacom.id/jasa-cetak-buku-singkawang,MOBILE,0,33,0,3.8484848484848486
https://www.kotacom.id/jasa-cetak-buku-sintang,MOBILE,0,5,0,11
https://www.kotacom.id/jasa-cetak-buku-solok,MOBILE,0,1,0,12
https://www.kotacom.id/jasa-cetak-buku-supiori,DESKTOP,0,2,0,85
https://www.kotacom.id/jasa-cetak-buku-tanjung-pinang,DESKTOP,0,14,0,85.78571428571429
https://www.kotacom.id/jasa-cetak-buku-tapanuli-utara,DESKTOP,0,1,0,65
https://www.kotacom.id/jasa-cetak-buku-tarakan,MOBILE,0,2,0,9.5
https://www.kotacom.id/jasa-cetak-buku-tebing-tinggi,MOBILE,0,14,0,7.642857142857143
https://www.kotacom.id/jasa-cetak-buku-teluk-bintuni,DESKTOP,0,16,0,40.375
https://www.kotacom.id/jasa-cetak-buku-timor-tengah-utara,DESKTOP,0,42,0,54.595238095238095
https://www.kotacom.id/jasa-cetak-buku-tolitoli,DESKTOP,0,11,0,49.63636363636363
https://www.kotacom.id/jasa-cetak-buku-tomohon,MOBILE,0,6,0,10.666666666666666
https://www.kotacom.id/jasa-cetak-buku-toraja-utara,DESKTOP,0,70,0,53.44285714285714
https://www.kotacom.id/jasa-cetak-buku-way-kanan,DESKTOP,0,5,0,77.6
https://www.kotacom.id/jasa-cetak-buku-yahukimo,DESKTOP,0,28,0,48.714285714285715
https://www.kotacom.id/jasa-cetak-buku-yasin-surabaya,DESKTOP,0,2,0,80
https://www.kotacom.id/jasa-cetak-kalender,DESKTOP,0,507,0,54.15187376725838
https://www.kotacom.id/jasa-cetak-kalender,MOBILE,0,318,0,56.971698113207545
https://www.kotacom.id/jasa-cetak-kalender,TABLET,0,2,0,63
https://www.kotacom.id/jasa-flash-hp-surabaya,TABLET,0,2,0,11
https://www.kotacom.id/jasa-instal-aplikasi-sidoarjo,DESKTOP,0,18,0,61.5
https://www.kotacom.id/jasa-instal-aplikasi-surabaya,TABLET,0,5,0,7.4
https://www.kotacom.id/jasa-instal-game-pes-2016-surabaya-murah,DESKTOP,0,4,0,32.75
https://www.kotacom.id/jasa-instal-game-pes-2016-surabaya-murah,MOBILE,0,1,0,23
https://www.kotacom.id/jasa-instal-game-pes-2017-terbaru-surabaya-sidoarjo,DESKTOP,0,1,0,62
https://www.kotacom.id/jasa-instal-jual-windows-7-8-10-microsoft-office-2010-2013-2016-original-license-asli-microsoft-surabaya,DESKTOP,0,68,0,43.48529411764706
https://www.kotacom.id/jasa-instal-jual-windows-7-8-10-microsoft-office-2010-2013-2016-original-license-asli-microsoft-surabaya,MOBILE,0,252,0,56.51984126984127
https://www.kotacom.id/jasa-instal-software-autodesk-3d-max-2010-2013-2016-surabaya-sidoarjo-panggilan,DESKTOP,0,8,0,56.625
https://www.kotacom.id/jasa-instal-software-photoshop-cs5-cs6-cc-surabaya-sidoarjo,DESKTOP,0,4,0,56.25
https://www.kotacom.id/jasa-instal-software-photoshop-cs5-cs6-cc-surabaya-sidoarjo,MOBILE,0,32,0,75.71875
https://www.kotacom.id/jasa-instal-software-photoshop-cs5-cs6-cc-surabaya-sidoarjo,TABLET,0,2,0,85
https://www.kotacom.id/jasa-instal-software-surabaya-windows-macbook,DESKTOP,0,332,0,54.8433734939759
https://www.kotacom.id/jasa-instal-software-surabaya-windows-macbook,TABLET,0,3,0,4.333333333333334
https://www.kotacom.id/jasa-instal-ulang-dan-update-windows-8-windows-8-1-murah-surabaya,DESKTOP,0,248,0,42.729838709677416
https://www.kotacom.id/jasa-instal-ulang-dan-update-windows-8-windows-8-1-murah-surabaya,MOBILE,0,173,0,36.72832369942196
https://www.kotacom.id/jasa-install-adobe-illustrator-online-desain-vektor-profesional-tanpa-hambatan,DESKTOP,0,17,0,36.1764705882353
https://www.kotacom.id/jasa-install-adobe-illustrator-online-desain-vektor-profesional-tanpa-hambatan,MOBILE,0,35,0,30.114285714285714
https://www.kotacom.id/jasa-install-adobe-illustrator-online-desain-vektor-profesional-tanpa-hambatan,TABLET,0,1,0,32
https://www.kotacom.id/jasa-install-adobe-photoshop-online-solusi-cepat-untuk-kreativitas-anda,DESKTOP,0,1,0,57
https://www.kotacom.id/jasa-install-adobe-photoshop-online-solusi-cepat-untuk-kreativitas-anda,MOBILE,0,53,0,13.037735849056604
https://www.kotacom.id/jasa-install-adobe-photoshop-online-solusi-cepat-untuk-kreativitas-anda,TABLET,0,1,0,16
https://www.kotacom.id/jasa-install-adobe-premiere-pro-online-edit-video-profesional-tanpa-ribet,DESKTOP,0,37,0,26.756756756756758
https://www.kotacom.id/jasa-install-adobe-premiere-pro-online-edit-video-profesional-tanpa-ribet,MOBILE,0,27,0,55.22222222222222
https://www.kotacom.id/jasa-install-adobe-premiere-pro-online-edit-video-profesional-tanpa-ribet,TABLET,0,1,0,59
https://www.kotacom.id/jasa-install-aplikasi-windows-macbook,DESKTOP,0,34,0,21.38235294117647
https://www.kotacom.id/jasa-install-autocad-2010-2013-2016-surabaya-sidoarjo,DESKTOP,0,69,0,33.72463768115942
https://www.kotacom.id/jasa-install-autocad,DESKTOP,0,59,0,13.11864406779661
https://www.kotacom.id/jasa-install-autocad,MOBILE,0,3,0,8.333333333333332
https://www.kotacom.id/jasa-install-coreldraw-online-solusi-desain-grafis-cepat-praktis,DESKTOP,0,68,0,34.4264705882353
https://www.kotacom.id/jasa-install-coreldraw-online-solusi-desain-grafis-cepat-praktis,MOBILE,0,4,0,28
https://www.kotacom.id/jasa-install-dan-update-windows-10-surabaya-murah,DESKTOP,0,1302,0,36.1505376344086
https://www.kotacom.id/jasa-install-dan-update-windows-10-surabaya-murah,MOBILE,0,1128,0,31.05939716312057
https://www.kotacom.id/jasa-install-dan-update-windows-10-surabaya-murah,TABLET,0,1,0,62
https://www.kotacom.id/jasa-install-dan-update-windows-7-surabaya-murah,DESKTOP,0,153,0,26.77124183006536
https://www.kotacom.id/jasa-install-dan-update-windows-7-surabaya-murah,MOBILE,0,56,0,37.67857142857143
https://www.kotacom.id/jasa-install-final-cut-pro-editing-video-profesional-di-mac-anda,DESKTOP,0,18,0,36.333333333333336
https://www.kotacom.id/jasa-install-final-cut-pro-editing-video-profesional-di-mac-anda,MOBILE,0,2,0,9.5
https://www.kotacom.id/jasa-install-fm-2020-football-manager-2020-surabaya-sidoarjo-malang-lamongan,DESKTOP,0,21,0,57.666666666666664
https://www.kotacom.id/jasa-install-fm-2020-football-manager-2020-surabaya-sidoarjo-malang-lamongan,MOBILE,0,5,0,88.4
https://www.kotacom.id/jasa-install-football-manager-2017-fm-17-full-update-surabaya,DESKTOP,0,20,0,53.05
https://www.kotacom.id/jasa-install-football-manager-2017-fm-17-full-update-surabaya,MOBILE,0,1,0,24
https://www.kotacom.id/jasa-install-game-dan-isi-game-surabaya,TABLET,0,5,0,11.2
https://www.kotacom.id/jasa-install-game-pc-laptop-xbox-ps3-ps4-lengkap-dan-update-jasa-install-game-pc-laptop-xbox-ps3-ps4-surabaya-sidoarjo,TABLET,0,2,0,39
https://www.kotacom.id/jasa-install-game-surabaya,DESKTOP,0,14,0,32.785714285714285
https://www.kotacom.id/jasa-install-game-surabaya,TABLET,0,1,0,91
https://www.kotacom.id/jasa-install-linux-install-server-linux,DESKTOP,0,44,0,37.45454545454545
https://www.kotacom.id/jasa-install-macbook-bootcamp-surabaya,DESKTOP,0,77,0,39.51948051948052
https://www.kotacom.id/jasa-install-macbook-bootcamp-surabaya,MOBILE,0,219,0,34.02739726027397
https://www.kotacom.id/jasa-install-macbook-bootcamp-surabaya,TABLET,0,1,0,11
https://www.kotacom.id/jasa-install-microsoft-office-cepat-dan-bergaransi,DESKTOP,0,224,0,17.263392857142858
https://www.kotacom.id/jasa-install-pes-2020-surabaya-sidoarjo-malang-lamongan,DESKTOP,0,1,0,12
https://www.kotacom.id/jasa-install-pes-2020-surabaya-sidoarjo-malang-lamongan,MOBILE,0,1,0,1
https://www.kotacom.id/jasa-install-pes-2021-efootball-sharing-account,DESKTOP,0,23,0,52.69565217391305
https://www.kotacom.id/jasa-install-software-adobe-collection-photoshop-illustrator-acrobat-indesign-after-effect-premiere-pro-dll-cs6-cc-2017-surabaya-full-panggilan,DESKTOP,0,2,0,38.5
https://www.kotacom.id/jasa-install-software-adobe-collection-photoshop-illustrator-acrobat-indesign-after-effect-premiere-pro-dll-cs6-cc-2017-surabaya-full-panggilan,MOBILE,0,3,0,95.66666666666667
https://www.kotacom.id/jasa-install-software-apotek-klinik-dan-praktek-dokter,DESKTOP,0,37,0,67.56756756756756
https://www.kotacom.id/jasa-install-software-apotek-klinik-dan-praktek-dokter,MOBILE,0,2,0,97.5
https://www.kotacom.id/jasa-install-software-corel-draw-terbaru-x5-x6-x7-x8-surabaya-full-panggilan,DESKTOP,0,88,0,18.136363636363637
https://www.kotacom.id/jasa-install-software-corel-draw-terbaru-x5-x6-x7-x8-surabaya-full-panggilan,MOBILE,0,1,0,91
https://www.kotacom.id/jasa-install-software-kasir-cloud-bisa-online-ipos-5-surabaya,DESKTOP,0,436,0,31.11467889908257
https://www.kotacom.id/jasa-install-software-kasir-cloud-bisa-online-ipos-5-surabaya,MOBILE,0,33,0,85.3030303030303
https://www.kotacom.id/jasa-install-software-macbook-surabaya-install-software-mac-surabaya,DESKTOP,0,78,0,47.47435897435897
https://www.kotacom.id/jasa-install-software-macbook-surabaya-install-software-mac-surabaya,MOBILE,0,18,0,86.83333333333333
https://www.kotacom.id/jasa-install-software-macbook,DESKTOP,0,73,0,40.136986301369866
https://www.kotacom.id/jasa-install-software-macbook,MOBILE,0,197,0,67.28426395939087
https://www.kotacom.id/jasa-install-software-microsoft-office,DESKTOP,0,755,0,24.581456953642384
https://www.kotacom.id/jasa-install-software-restoran-rumah-makan-original,DESKTOP,0,259,0,35.996138996138995
https://www.kotacom.id/jasa-install-software-restoran-rumah-makan-original,MOBILE,0,7,0,11.857142857142858
https://www.kotacom.id/jasa-install-solidworks,DESKTOP,0,12,0,45.666666666666664
https://www.kotacom.id/jasa-install-ulang-windows-10-surabaya-panggilan,DESKTOP,0,390,0,26.023076923076925
https://www.kotacom.id/jasa-install-ulang-windows-10-surabaya-panggilan,TABLET,0,1,0,7
https://www.kotacom.id/jasa-install-ulang-windows-7-surabaya-panggilan,DESKTOP,0,694,0,53.268011527377524
https://www.kotacom.id/jasa-install-ulang-windows-7-surabaya-panggilan,MOBILE,0,65,0,33.03076923076923
https://www.kotacom.id/jasa-install-ulang-windows-8-8-1-surabaya,DESKTOP,0,1452,0,23.53099173553719
https://www.kotacom.id/jasa-install-ulang-windows-surabaya-7-8-10-xp-server,DESKTOP,0,56,0,77.33928571428571
https://www.kotacom.id/jasa-install-ulang-windows-surabaya-7-8-10-xp-server,MOBILE,0,4,0,31
https://www.kotacom.id/jasa-install-ulang-windows-surabaya,DESKTOP,0,414,0,19.26328502415459
https://www.kotacom.id/jasa-install-ulang-windows-surabaya,TABLET,0,1,0,9
https://www.kotacom.id/jasa-install-ulang-windows-xp-surabaya-panggilan,DESKTOP,0,22,0,56.40909090909091
https://www.kotacom.id/jasa-install-warnet-install-game-warnet,DESKTOP,0,159,0,39.716981132075475
https://www.kotacom.id/jasa-install-warnet-install-game-warnet,MOBILE,0,8,0,23.125
https://www.kotacom.id/jasa-install-windows-11-sidoarjo,DESKTOP,0,243,0,55.31275720164609
https://www.kotacom.id/jasa-install-windows-11-sidoarjo,MOBILE,0,93,0,10.602150537634408
https://www.kotacom.id/jasa-install-windows-11-surabaya,DESKTOP,0,302,0,19.97019867549669
https://www.kotacom.id/jasa-install-windows-11-surabaya,TABLET,0,2,0,10.5
https://www.kotacom.id/jasa-install-windows-7-8-10-11-sidoarjo,DESKTOP,0,182,0,59.63186813186813
https://www.kotacom.id/jasa-install-windows-7-8-10-11-sidoarjo,MOBILE,0,287,0,49.68989547038328
https://www.kotacom.id/jasa-isi-film-surabaya-full-hd-hd-2k-4k-semua-genre,DESKTOP,0,18,0,22.666666666666668
https://www.kotacom.id/jasa-isi-lagu-karaoke-surabaya,DESKTOP,0,81,0,41.641975308641975
https://www.kotacom.id/jasa-isi-lagu-karaoke-surabaya,TABLET,0,4,0,5.5
https://www.kotacom.id/jasa-isi-laptop-komputer-hardisk-lagu-karaoke-surabaya-sidoarjo,DESKTOP,0,63,0,52.36507936507937
https://www.kotacom.id/jasa-isi-laptop-komputer-hardisk-lagu-karaoke-surabaya-sidoarjo,MOBILE,0,227,0,30.97797356828194
https://www.kotacom.id/jasa-isi-laptop-komputer-hardisk-lagu-karaoke-surabaya-sidoarjo,TABLET,0,2,0,3
https://www.kotacom.id/jasa-mengembalikan-data-terhapus-surabaya,TABLET,0,6,0,25.666666666666668
https://www.kotacom.id/jasa-pasang-ac-surabaya-bergaransi-professional-jawa-timur,DESKTOP,0,1465,0,50.92286689419795
https://www.kotacom.id/jasa-pasang-ac-surabaya-bergaransi-professional-jawa-timur,MOBILE,0,832,0,44.59495192307692
https://www.kotacom.id/jasa-pasang-ac-surabaya-bergaransi-professional-jawa-timur,TABLET,0,5,0,54
https://www.kotacom.id/jasa-pasang-cctv-surabaya-murah-profesional,DESKTOP,0,3107,0,57.60476343739942
https://www.kotacom.id/jasa-pasang-cctv-surabaya-murah-profesional,MOBILE,0,2139,0,57.17297802711548
https://www.kotacom.id/jasa-pasang-cctv-surabaya-murah-profesional,TABLET,0,80,0,61.9375
https://www.kotacom.id/jasa-pasang-karaoke-surabaya,DESKTOP,0,10,0,43.9
https://www.kotacom.id/jasa-pasang-karaoke-surabaya,MOBILE,0,6,0,10.333333333333334
https://www.kotacom.id/jasa-pasang-kasir-administrasi-keuangan-minimarket-surabaya,DESKTOP,0,118,0,52.610169491525426
https://www.kotacom.id/jasa-pasang-kasir-administrasi-keuangan-minimarket-surabaya,MOBILE,0,7,0,89.42857142857143
https://www.kotacom.id/jasa-pasang-software-kasir-minimarket-point-of-sales-surabaya,DESKTOP,0,580,0,26.325862068965517
https://www.kotacom.id/jasa-pasang-software-kasir-minimarket-point-of-sales-surabaya,MOBILE,0,42,0,24.5
https://www.kotacom.id/jasa-pembuatan-website-surabaya,DESKTOP,0,8435,0,67.96775340841731
https://www.kotacom.id/jasa-pembuatan-website-surabaya,TABLET,0,1,0,99
https://www.kotacom.id/jasa-pembuatan-website,DESKTOP,0,356,0,79.73876404494382
https://www.kotacom.id/jasa-pembuatan-website,MOBILE,0,69,0,62.869565217391305
https://www.kotacom.id/jasa-rakit-pc-surabaya-gresik-malang-sidoarjo,DESKTOP,0,385,0,37.142857142857146
https://www.kotacom.id/jasa-rakit-pc-surabaya-gresik-malang-sidoarjo,TABLET,0,7,0,21.714285714285715
https://www.kotacom.id/jasa-rakit-pc-unbk-server-client-terbaik-termurah,TABLET,0,5,0,11.6
https://www.kotacom.id/jasa-recovery-data-surabaya,TABLET,0,20,0,22.85
https://www.kotacom.id/jasa-root-android-surabaya-no-root-free-bisa-unlock-custom-rom-juga,DESKTOP,0,561,0,62.72727272727273
https://www.kotacom.id/jasa-root-android-surabaya-no-root-free-bisa-unlock-custom-rom-juga,TABLET,0,3,0,9.333333333333334
https://www.kotacom.id/jasa-service-komputer-laptop-notebook-macbook-surabaya,DESKTOP,0,363,0,34.14876033057851
https://www.kotacom.id/jasa-service-komputer-laptop-notebook-macbook-surabaya,TABLET,0,1,0,1
https://www.kotacom.id/jasa-service-macbook-surabaya-bisa-ditunggu,TABLET,0,3,0,11
https://www.kotacom.id/jasa-servis-pc-surabaya-melayani-panggilan-100-bergaransi,DESKTOP,0,91,0,47.967032967032964
https://www.kotacom.id/jasa-servis-pc-surabaya-melayani-panggilan-100-bergaransi,MOBILE,0,63,0,52.63492063492063
https://www.kotacom.id/jasa-sewa-laptop-surabaya,TABLET,0,1,0,46
https://www.kotacom.id/jasa-sewa-printer-surabaya-perorangan-perusahaan,DESKTOP,0,38,0,36.73684210526316
https://www.kotacom.id/jasa-sewa-printer-surabaya-perorangan-perusahaan,MOBILE,0,54,0,28.74074074074074
https://www.kotacom.id/jasa-sewa-printer-surabaya-perorangan-perusahaan,TABLET,0,2,0,52
https://www.kotacom.id/jasa-unbk-rakit-komputer-seting-dan-instalasi-unbk,DESKTOP,0,33,0,60.06060606060606
https://www.kotacom.id/jasa-unbk-rakit-komputer-seting-dan-instalasi-unbk,MOBILE,0,16,0,62.6875
https://www.kotacom.id/jasa-unbk-rakit-komputer-seting-dan-instalasi-unbk,TABLET,0,1,0,61
https://www.kotacom.id/jasa-upgrade-reinstall-install-ulang-mac-macbook-surabaya-gresik-sidoarjo-madura,DESKTOP,0,5,0,29.2
https://www.kotacom.id/jasa-upgrade-reinstall-install-ulang-mac-macbook-surabaya-gresik-sidoarjo-madura,MOBILE,0,48,0,81.4375
https://www.kotacom.id/jasa-upgrade-ssd-laptop-surabaya-mac-imac-sidoarjo-malang-gresik,DESKTOP,0,42,0,53.857142857142854
https://www.kotacom.id/jasa-upgrade-ssd-laptop-surabaya-mac-imac-sidoarjo-malang-gresik,MOBILE,0,240,0,50.65833333333333
https://www.kotacom.id/jasa-upgrade-ssd-macbook-surabaya-mac-imac-sidoarjo-malang-gresik,DESKTOP,0,21,0,45.57142857142857
https://www.kotacom.id/jasa-upgrade-ssd-macbook-surabaya-mac-imac-sidoarjo-malang-gresik,MOBILE,0,79,0,36.74683544303797
https://www.kotacom.id/jasa-website-surabaya-1-promo-100rb,DESKTOP,0,425,0,81.65882352941176
https://www.kotacom.id/jasa-website-surabaya-1-promo-100rb,MOBILE,0,35,0,81.22857142857143
https://www.kotacom.id/jual-dvd-install-ulang-windows-8-1-32bit-dan-64bit-aio-bonus-driver-pack-dan-software,MOBILE,0,1,0,32
https://www.kotacom.id/jual-dvd-install-ulang-windows-xp-7-8-10-bonus-driver-pack-dan-software-surabaya,DESKTOP,0,2,0,93.5
https://www.kotacom.id/jual-dvd-install-ulang-windows-xp-7-8-10-bonus-driver-pack-dan-software-surabaya,MOBILE,0,1,0,89
https://www.kotacom.id/jual-dvd-windows-7-8-1-10-pro-original-license-asli-microsoft,DESKTOP,0,6,0,76.83333333333333
https://www.kotacom.id/jual-dvd-windows-7-8-1-10-pro-original-license-asli-microsoft,MOBILE,0,3,0,41
https://www.kotacom.id/jual-flashdisk-multiboot-install-ulang-32-gb-16gb-windows-7-8-8-1-10-32bit-dan-64bit-all-in-one,DESKTOP,0,55,0,80.2909090909091
https://www.kotacom.id/jual-flashdisk-multiboot-install-ulang-32-gb-16gb-windows-7-8-8-1-10-32bit-dan-64bit-all-in-one,MOBILE,0,1,0,2
https://www.kotacom.id/jual-flashdisk-multiboot-install-ulang-bonus-driverpack-software-16gb-32gb-windows-7-8-8-1-10-32bit-dan-64bit-all-in-one-bonus-driverpack,DESKTOP,0,13,0,53.46153846153846
https://www.kotacom.id/jual-flashdisk-multiboot-install-ulang-windows-7-8-8-1-10-32bit-dan-64bit-surabaya-sidoarjo,DESKTOP,0,55,0,79.8
https://www.kotacom.id/jual-game-original-surabaya-steam-origin,DESKTOP,0,137,0,51.72992700729927
https://www.kotacom.id/jual-game-original-surabaya-steam-origin,MOBILE,0,1,0,83
https://www.kotacom.id/jual-game-pc-jakarta,TABLET,0,7,0,10.428571428571429
https://www.kotacom.id/jual-komputer-laptop-karaoke-home-karaoke-surabaya-gresik-sidoarjo-lamongan,DESKTOP,0,3,0,47.666666666666664
https://www.kotacom.id/jual-pc-rakitan-surabaya-sehari-jadi-murah-berkwalitas,DESKTOP,0,45,0,34.68888888888889
https://www.kotacom.id/jual-software-ipos-kasir-surabaya,DESKTOP,0,29,0,27.344827586206897
https://www.kotacom.id/jual-software-ipos-kasir-surabaya,MOBILE,0,12,0,32.75
https://www.kotacom.id/kakie-stavki-na-sport-dostupny-na-mostbet-prognozy-ekspertov,TABLET,0,42,0,47.5
https://www.kotacom.id/layanan/pembuatan-website,DESKTOP,0,2,0,89
https://www.kotacom.id/list-jasa-install-game-jual-dvd-game-pc-jual-game-pc-laptop-ps3-ps4-xbox,DESKTOP,0,12,0,46.5
https://www.kotacom.id/list-jasa-install-game-jual-dvd-game-pc-jual-game-pc-laptop-ps3-ps4-xbox,MOBILE,0,2,0,29
https://www.kotacom.id/list-software-windows-macbook-terbaru,DESKTOP,0,42,0,56.714285714285715
https://www.kotacom.id/list-software-windows-macbook-terbaru,MOBILE,0,4,0,62.5
https://www.kotacom.id/mobile-gaming-with-lucky-hills-in-australia,MOBILE,0,9,0,63.666666666666664
https://www.kotacom.id/najlepsze-legalne-kasyna-on-line-w-polsce-na-prawdziwe-pieniadze,DESKTOP,0,15,0,46.266666666666666
https://www.kotacom.id/najlepsze-legalne-kasyna-on-line-w-polsce-na-prawdziwe-pieniadze,MOBILE,0,1,0,78
https://www.kotacom.id/no-1-jual-game-pc-bekasi,DESKTOP,0,1,0,11
https://www.kotacom.id/no-1-jual-game-pc-bekasi,MOBILE,0,5,0,7
https://www.kotacom.id/no-1-jual-game-pc-bogor,DESKTOP,0,4,0,27.25
https://www.kotacom.id/no-1-jual-game-pc-bogor,MOBILE,0,6,0,6.5
https://www.kotacom.id/no-1-jual-game-pc-cilacap,MOBILE,0,1,0,9
https://www.kotacom.id/no-1-jual-game-pc-jakarta-barat,DESKTOP,0,1,0,81
https://www.kotacom.id/no-1-jual-game-pc-jakarta-barat,MOBILE,0,3,0,8
https://www.kotacom.id/no-1-jual-game-pc-jombang,MOBILE,0,4,0,4.75
https://www.kotacom.id/no-1-jual-game-pc-karawang,DESKTOP,0,38,0,55.94736842105263
https://www.kotacom.id/no-1-jual-game-pc-karawang,MOBILE,0,1,0,8
https://www.kotacom.id/no-1-jual-game-pc-kebumen,DESKTOP,0,1,0,50
https://www.kotacom.id/no-1-jual-game-pc-kebumen,MOBILE,0,1,0,6
https://www.kotacom.id/no-1-jual-game-pc-kudus,MOBILE,0,1,0,3
https://www.kotacom.id/no-1-jual-game-pc-madiun,DESKTOP,0,1,0,60
https://www.kotacom.id/no-1-jual-game-pc-pasuruan,DESKTOP,0,1,0,1
https://www.kotacom.id/no-1-jual-game-pc-ponorogo,DESKTOP,0,2,0,4.5
https://www.kotacom.id/no-1-jual-game-pc-ponorogo,MOBILE,0,6,0,4.166666666666666
https://www.kotacom.id/no-1-jual-game-pc-purwakarta,DESKTOP,0,7,0,30.714285714285715
https://www.kotacom.id/no-1-jual-game-pc-purwakarta,MOBILE,0,1,0,5
https://www.kotacom.id/no-1-jual-game-pc-subang,MOBILE,0,2,0,7
https://www.kotacom.id/no-code-development,DESKTOP,0,19,0,68.05263157894737
https://www.kotacom.id/no-code-development,MOBILE,0,3,0,67.66666666666667
https://www.kotacom.id/online-jasa-install-software-sketchup-surabaya-sidoarjo,DESKTOP,0,12,0,64.25
https://www.kotacom.id/online-jasa-install-software-sketchup-surabaya-sidoarjo,MOBILE,0,2,0,31.5
https://www.kotacom.id/paket-home-karaoke-eksklusif-vip-laptop-komputer-jasa-pemasangan,DESKTOP,0,154,0,39.53896103896104
https://www.kotacom.id/paket-home-karaoke-eksklusif-vip-laptop-komputer-jasa-pemasangan,MOBILE,0,72,0,24.23611111111111
https://www.kotacom.id/paket-home-karaoke-komputer-karaoke-murah-low-budget-rumahan,MOBILE,0,304,0,58.13486842105263
https://www.kotacom.id/paket-home-karaoke-komputer-karaoke-murah-low-budget-rumahan,TABLET,0,1,0,3
https://www.kotacom.id/panduan-lengkap-cara-mengurus-isbn-online-untuk-penulis-mandiri,DESKTOP,0,2,0,39
https://www.kotacom.id/panduan-lengkap-cara-menyiapkan-file-pdf-siap-cetak-untuk-buku,DESKTOP,0,5,0,24.8
https://www.kotacom.id/panduan-lengkap-cara-menyiapkan-file-pdf-siap-cetak-untuk-buku,MOBILE,0,1,0,64
https://www.kotacom.id/panduan-lengkap-jenis-jilid-buku-pilih-yang-tepat-agar-buku-tahan-lama,DESKTOP,0,31,0,48.193548387096776
https://www.kotacom.id/panduan-lengkap-jenis-jilid-buku-pilih-yang-tepat-agar-buku-tahan-lama,MOBILE,0,4,0,18
https://www.kotacom.id/panduan-lengkap-mudah-mengurus-isbn-online-untuk-penulis-mandiri,DESKTOP,0,1,0,86
https://www.kotacom.id/panduan-rakit-pc-3-jutaan-terbaik-update-2025-all-new-build,DESKTOP,0,118,0,20.635593220338983
https://www.kotacom.id/pasang-ac-sidoarjo-profesional-bergaransi,DESKTOP,0,209,0,44.84688995215311
https://www.kotacom.id/pasang-ac-sidoarjo-profesional-bergaransi,MOBILE,0,10,0,31.6
https://www.kotacom.id/pasang-alarm-motor-surabaya-pasang-gps-motor-surabaya,DESKTOP,0,75,0,53.413333333333334
https://www.kotacom.id/pasang-gps-tracker-surabaya,DESKTOP,0,13,0,42.07692307692308
https://www.kotacom.id/pasang-gps-tracker-surabaya,MOBILE,0,19,0,19.894736842105264
https://www.kotacom.id/pasang-kasir-restaurant-surabaya-implementasi-kasir-surabaya,DESKTOP,0,29,0,29.551724137931036
https://www.kotacom.id/pc-gaming-fullset-murah-2-jutaan-realita-kompromi-ekstrim-2025,DESKTOP,0,100,0,22.94
https://www.kotacom.id/pembuatan-website,DESKTOP,0,46,0,65.1304347826087
https://www.kotacom.id/pembuatan-website,MOBILE,0,10,0,21.5
https://www.kotacom.id/pembuatan-website/harga,DESKTOP,0,447,0,70.11185682326622
https://www.kotacom.id/pembuatan-website/harga,MOBILE,0,123,0,67.35772357723577
https://www.kotacom.id/pembuatan-website/sekolah,DESKTOP,0,3,0,72.33333333333333
https://www.kotacom.id/pembuatan-website/sekolah,MOBILE,0,13,0,69.38461538461539
https://www.kotacom.id/pembuatan-website/sidoarjo,DESKTOP,0,24,0,75.20833333333333
https://www.kotacom.id/pembuatan-website/sidoarjo,MOBILE,0,2,0,2
https://www.kotacom.id/pembuatan-website/surabaya,DESKTOP,0,41,0,67.7560975609756
https://www.kotacom.id/pembuatan-website/toko-online,DESKTOP,0,644,0,63.61024844720497
https://www.kotacom.id/pembuatan-website/toko-online,MOBILE,0,281,0,65.94661921708185
https://www.kotacom.id/percetakan-buku-murah-surabaya,TABLET,0,8,0,7.5
https://www.kotacom.id/percetakan,DESKTOP,0,2,0,12
https://www.kotacom.id/percetakan,MOBILE,0,6,0,6.833333333333333
https://www.kotacom.id/percetakan/cetak-undangan,DESKTOP,0,6,0,29.333333333333332
https://www.kotacom.id/percetakan/cetak-undangan,MOBILE,0,1,0,12
https://www.kotacom.id/perkembangan-komputer-dari-mesin-hitung-hingga-kecerdasan-buatan,DESKTOP,0,24,0,75.41666666666667
https://www.kotacom.id/portfolio,DESKTOP,0,5,0,31
https://www.kotacom.id/portfolio,MOBILE,0,11,0,3.090909090909091
https://www.kotacom.id/posts/digitalisasi-umkm-surabaya-terbaik,DESKTOP,0,1,0,64
https://www.kotacom.id/posts/jasa-it-support-surabaya-terpercaya,DESKTOP,0,2,0,98
https://www.kotacom.id/posts/konsultan-it-sidoarjo-terpercaya,DESKTOP,0,9,0,51.333333333333336
https://www.kotacom.id/posts/panduan-memilih-sistem-pos-untuk-umkm,DESKTOP,0,10,0,53.5
https://www.kotacom.id/posts/server-maintenance-surabaya,DESKTOP,0,1,0,58
https://www.kotacom.id/posts/sistem-pos-surabaya-terbaik-untuk-umkm,DESKTOP,0,1,0,66
https://www.kotacom.id/posts/smart-city-surabaya-teknologi,DESKTOP,0,2,0,91.5
https://www.kotacom.id/posts/software-development-surabaya-terbaik,DESKTOP,0,1,0,102
https://www.kotacom.id/posts/startup-tech-surabaya-sidoarjo,DESKTOP,0,6,0,66.33333333333333
https://www.kotacom.id/posts/startup-tech-surabaya-sidoarjo,MOBILE,0,1,0,3
https://www.kotacom.id/posts/web-design-responsive-surabaya,DESKTOP,0,1,0,62
https://www.kotacom.id/print-on-demand-pod-vs-cetak-offset-di-surabaya-mana-pilihan-terbaik,DESKTOP,0,4,0,63.25
https://www.kotacom.id/printer-gagal-menarik-kertas-ini-5-penyebab-dan-cara-mengatasinya,DESKTOP,0,46,0,17.304347826086957
https://www.kotacom.id/printer-gagal-menarik-kertas-ini-5-penyebab-dan-cara-mengatasinya,MOBILE,0,91,0,6.329670329670329
https://www.kotacom.id/printer-gagal-menarik-kertas-ini-5-penyebab-dan-cara-mengatasinya,TABLET,0,1,0,11
https://www.kotacom.id/product-category/karaoke,DESKTOP,0,10,0,9.5
https://www.kotacom.id/product-category/karaoke,MOBILE,0,7,0,2
https://www.kotacom.id/product-category/karaoke/player-karaoke,DESKTOP,0,2,0,48.5
https://www.kotacom.id/product-category/rakit-pc-gaming,DESKTOP,0,2,0,43.5
https://www.kotacom.id/product-tag/jasa-rakit-pc-murah-gresik,DESKTOP,0,1,0,57
https://www.kotacom.id/product-tag/jasa-rakit-pc-surabaya,DESKTOP,0,16,0,9.25
https://www.kotacom.id/product-tag/jasa-rakit-pc-surabaya,MOBILE,0,50,0,9.28
https://www.kotacom.id/product-tag/jasa-rakit-pc-surabaya/page/2,DESKTOP,0,4,0,11
https://www.kotacom.id/product-tag/jasa-rakit-pc-surabaya/page/2,MOBILE,0,6,0,14.5
https://www.kotacom.id/product-tag/jual-komputer-rakitan-murah-banyuwangi,DESKTOP,0,2,0,35
https://www.kotacom.id/product-tag/jual-komputer-rakitan-murah-bojonegoro,DESKTOP,0,1,0,30
https://www.kotacom.id/product-tag/jual-komputer-rakitan-murah-bojonegoro,MOBILE,0,2,0,64.5
https://www.kotacom.id/product-tag/jual-komputer-rakitan-murah-bojonegoro/page/2,DESKTOP,0,2,0,34.5
https://www.kotacom.id/product-tag/jual-komputer-rakitan-murah-mojokerto,DESKTOP,0,1,0,37
https://www.kotacom.id/product-tag/jual-komputer-rakitan-murah-mojokerto/page/2,DESKTOP,0,2,0,29
https://www.kotacom.id/product-tag/jual-komputer-rakitan-murah-nganjuk,MOBILE,0,2,0,24.5
https://www.kotacom.id/product-tag/jual-komputer-rakitan-murah-ngawi/page/2,DESKTOP,0,10,0,54.6
https://www.kotacom.id/product-tag/jual-komputer-rakitan-murah-pasuruhan,MOBILE,0,1,0,32
https://www.kotacom.id/product-tag/jual-komputer-rakitan-murah-sampang/page/2,DESKTOP,0,1,0,45
https://www.kotacom.id/product-tag/jual-komputer-rakitan-murah-situbondo,MOBILE,0,1,0,27
https://www.kotacom.id/product-tag/jual-komputer-rakitan-murah-tulungagung/page/2,DESKTOP,0,2,0,78
https://www.kotacom.id/product-tag/jual-pc-rakitan-murah-batu-malang,DESKTOP,0,1,0,52
https://www.kotacom.id/product-tag/jual-pc-rakitan-murah-madura,DESKTOP,0,1,0,56
https://www.kotacom.id/product-tag/jual-pc-rakitan-murah-madura/page/2,DESKTOP,0,13,0,7.846153846153846
https://www.kotacom.id/product-tag/jual-pc-rakitan-murah-madura/page/2,MOBILE,0,1,0,6
https://www.kotacom.id/product-tag/jual-pc-rakitan-murah-malang,MOBILE,0,2,0,28
https://www.kotacom.id/product-tag/jual-pc-rakitan-murah-mojokerto,DESKTOP,0,13,0,39.38461538461539
https://www.kotacom.id/product-tag/jual-pc-rakitan-murah-mojokerto/page/2,DESKTOP,0,20,0,65.05
https://www.kotacom.id/product-tag/jual-pc-rakitan-murah-ngawi,MOBILE,0,1,0,10
https://www.kotacom.id/product/1-set-pc-intel-core-i7-ram-16gb-hdd-1tb-ssd-monitor-led-19-inc-pc-only-hdd-500gb-only,DESKTOP,0,31,0,27.096774193548388
https://www.kotacom.id/product/1-set-pc-intel-core-i7-ram-16gb-hdd-1tb-ssd-monitor-led-19-inc-pc-only-hdd-500gb-only,MOBILE,0,5,0,7.8
https://www.kotacom.id/product/1set-pc-gaming-core-i5-3470-ram-16gb-vga-gtx-4gb-ddr5-monitor-22-inc,DESKTOP,0,5,0,15.6
https://www.kotacom.id/product/amd-ryzen-7-ram-16gb-vga-rx-550-4gb-ddr5-ssd-1tb,DESKTOP,0,4,0,12
https://www.kotacom.id/product/amd-ryzen-7-ram-16gb-vga-rx-550-4gb-ddr5-ssd-1tb,TABLET,0,2,0,9
https://www.kotacom.id/product/cpu-core-i7-2600-fullset-ram-4gb-hdd-500gb-led-19in-lg-keymouse,DESKTOP,0,51,0,34.64705882352941
https://www.kotacom.id/product/cpu-core-i7-2600-fullset-ram-4gb-hdd-500gb-led-19in-lg-keymouse,MOBILE,0,7,0,24.571428571428573
https://www.kotacom.id/product/flashdisk-sandisk-16-gb-300-lagu-karaoke-hits-update-terbaru-0,DESKTOP,0,1,0,49
https://www.kotacom.id/product/flashdisk-sandisk-16-gb-300-lagu-karaoke-hits-update-terbaru-0,MOBILE,0,1,0,12
https://www.kotacom.id/product/hardisk-5tb-63-ribu-lagu-karaoke-klipasli-software-full-ribuan-film,DESKTOP,0,1,0,68
https://www.kotacom.id/product/hardisk-5tb-63-ribu-lagu-karaoke-klipasli-software-full-ribuan-film,MOBILE,0,152,0,50.453947368421055
https://www.kotacom.id/product/hardisk-internal-1tb-20-ribu-lagu-karaoke-plus-software-karaok-0,DESKTOP,0,1,0,27
https://www.kotacom.id/product/hardisk-internal-1tb-20-ribu-lagu-karaoke-plus-software-karaok-0,MOBILE,0,1,0,31
https://www.kotacom.id/product/hardisk-internal-4tb-film-hd-game-pc-konser-musik-fitness-tra-0,DESKTOP,0,2,0,63
https://www.kotacom.id/product/hardisk-internal-4tb-film-hd-game-pc-konser-musik-fitness-tra-0,MOBILE,0,1,0,10
https://www.kotacom.id/product/hardisk-wd-3tb-new-62rb-lagu-karaoke-klip-asli-2019-software-full,DESKTOP,0,3,0,71.66666666666667
https://www.kotacom.id/product/hardisk-wd-3tb-new-62rb-lagu-karaoke-klip-asli-2019-software-full,MOBILE,0,14,0,62.285714285714285
https://www.kotacom.id/product/kalender-dinding-2,DESKTOP,0,2,0,25.5
https://www.kotacom.id/product/kalender-dinding-2,MOBILE,0,16,0,31.875
https://www.kotacom.id/product/kalender-dinding,DESKTOP,0,2,0,48.5
https://www.kotacom.id/product/komputer-pc-rakitan-office-fullset-i5-gen4-led-19in-lg,MOBILE,0,2,0,44.5
https://www.kotacom.id/product/led-monitor-lg-18-5-inch-19m38a,DESKTOP,0,5,0,35.6
https://www.kotacom.id/product/low-budget-pc-rakitan-gaming-core-i5-2400-8gb-1030-2gb-rakit-pc-2,DESKTOP,0,4,0,19.25
https://www.kotacom.id/product/low-budget-pc-rakitan-gaming-core-i5-2400-8gb-1030-2gb-rakit-pc-2,MOBILE,0,2,0,6.5
https://www.kotacom.id/product/paket-speaker-karaoke-jbl-rma-220a-mk10pak-original-10-inch,DESKTOP,0,5,0,7.4
https://www.kotacom.id/product/paket-speaker-karaoke-jbl-rma-220a-mk10pak-original-10-inch,MOBILE,0,17,0,7.294117647058823
https://www.kotacom.id/product/paket-speaker-karaoke-jbl-rma-220a-mk10pak-original-10-inch,TABLET,0,1,0,9
https://www.kotacom.id/product/pc-amd-ryzen-5-ram-32gb-ssd-512gb-monitor-27inc,DESKTOP,0,5,0,12.8
https://www.kotacom.id/product/pc-amd-ryzen-5-ram-32gb-ssd-512gb-monitor-27inc,MOBILE,0,2,0,18
https://www.kotacom.id/product/pc-core-g620-630-ram-4gb-hdd-500gb-led-19-in-lg,DESKTOP,0,3,0,60.666666666666664
https://www.kotacom.id/product/pc-core-g620-630-ram-4gb-hdd-500gb-led-19-in-lg,MOBILE,0,1,0,33
https://www.kotacom.id/product/pc-core-g620-fullset-ram-4gb-hdd-500gb-led-24-in-lg-hdmi,DESKTOP,0,3,0,60.666666666666664
https://www.kotacom.id/product/pc-core-g620-fullset-ram-4gb-hdd-500gb-led-24-in-lg-hdmi,MOBILE,0,2,0,43.5
https://www.kotacom.id/product/pc-core-i3-4xxx-fullset-ram-4gb-hdd-500gb-led-19in-lg,DESKTOP,0,1,0,37
https://www.kotacom.id/product/pc-core-i7-2600-fullset-led-24in-keymouse-ram-4gb-case-standart,MOBILE,0,2,0,1
https://www.kotacom.id/product/pc-core-i7-4xxx-fullset-ram-4gb-hdd-500gb-led-19in-lg,TABLET,0,1,0,1
https://www.kotacom.id/product/pc-core-i7-4xxx-fullset-ram-4gb-hdd500gb-led-24in-lg-hdmi,MOBILE,0,1,0,1
https://www.kotacom.id/product/pc-core-i7-4xxx-fullset-ram-4gb-hdd500gb-led-24in-lg-hdmi,TABLET,0,1,0,1
https://www.kotacom.id/product/pc-cpu-core-i5-2400-led-24-in-lg-keymouse-ram-8gb-hdd-500gb,DESKTOP,0,72,0,37.708333333333336
https://www.kotacom.id/product/pc-cpu-core-i5-2400-led-24-in-lg-keymouse-ram-8gb-hdd-500gb,MOBILE,0,17,0,29.235294117647058
https://www.kotacom.id/product/pc-gaming-intel-core-i5-4460-ram-16gb-vga-rx-4gb-ddr5-ssd-512gb,DESKTOP,0,3,0,23
https://www.kotacom.id/product/pc-gaming-intel-core-i7-6700-ram-32gb-ddr4-vga-8gb-ddr5-hdd-1tbssd-8gb-ddr4-vga-onboard-hd,DESKTOP,0,4,0,5
https://www.kotacom.id/product/pc-gaming-intel-core-i7-6700-ram-32gb-ddr4-vga-8gb-ddr5-hdd-1tbssd-8gb-ddr4-vga-onboard-hd,MOBILE,0,2,0,14.5
https://www.kotacom.id/product/pc-gaming-ryzen-5-ram-16gb-ddr4-ssd-512gb,DESKTOP,0,3,0,13.666666666666666
https://www.kotacom.id/product/pc-gaming-ryzen-5-ram-16gb-ddr4-ssd-512gb,MOBILE,0,2,0,1
https://www.kotacom.id/product/pc-i7-gen4-fullset-ram-8gb-hdd500gb-led-24in-lg-hdmi,MOBILE,0,1,0,11
https://www.kotacom.id/product/pc-intel-core-i5-3470-ram-16gb-vga-rx-4gb-ddr5-ssd-512gb,MOBILE,0,1,0,7
https://www.kotacom.id/product/pc-intel-core-i5-ram-16gb-hdd-500gb-ssd-vga-4gb,MOBILE,0,1,0,7
https://www.kotacom.id/product/pc-intel-core-i5-ram-32gb-ddr4-ssd-512gb-garansi,DESKTOP,0,4,0,16.5
https://www.kotacom.id/product/pc-intel-core-i5-ram-32gb-ddr4-ssd-512gb-garansi,MOBILE,0,2,0,15
https://www.kotacom.id/product/pc-intel-core-i7-6700-ram-32gb-ssd-1tb-monitor-led-24-inc,DESKTOP,0,9,0,8
https://www.kotacom.id/product/pc-intel-core-i7-6700-ram-32gb-ssd-1tb-monitor-led-24-inc,MOBILE,0,5,0,9.4
https://www.kotacom.id/product/pc-intel-core-i7-6700-ram-ddr4-32gb-ssd-1tb,DESKTOP,0,3,0,36.333333333333336
https://www.kotacom.id/product/pc-intel-core-i7-monitor,DESKTOP,0,3,0,19.333333333333332
https://www.kotacom.id/product/pc-intel-core-i7-monitor,MOBILE,0,2,0,10.5
https://www.kotacom.id/product/pc-karaoke-2tb-monitor-touchscreen-audiobank-kjb-nakamichi,DESKTOP,0,7,0,21.428571428571427
https://www.kotacom.id/product/pc-karaoke-2tb-monitor-touchscreen-audiobank-kjb-nakamichi,MOBILE,0,9,0,11.222222222222221
https://www.kotacom.id/product/pc-karaoke-4tb-slim-monitor-touchscreen-paket-bmb-speaker,DESKTOP,0,1,0,25
https://www.kotacom.id/product/pc-rakitan-core-2-duo-500gb-rakit-pc-office-surabaya,DESKTOP,0,1,0,20
https://www.kotacom.id/product/pc-rakitan-core-i3-2gb-500gb-low-budget-rakit-pc-office-admin,DESKTOP,0,4,0,11.5
https://www.kotacom.id/product/pc-rakitan-core-i3-3210-gen-3-4gb-500gb-rakit-pc-surabaya,MOBILE,0,56,0,11.892857142857142
https://www.kotacom.id/product/pc-rakitan-core-i3-3210-gen-3-4gb-500gb-rakit-pc-surabaya,TABLET,0,2,0,15.5
https://www.kotacom.id/product/pc-rakitan-core-i3-4160-gen-4-4gb-500gb-rakit-pc-surabaya,DESKTOP,0,26,0,23.26923076923077
https://www.kotacom.id/product/pc-rakitan-core-i3-4160-gen-4-4gb-500gb-rakit-pc-surabaya,MOBILE,0,4,0,10.25
https://www.kotacom.id/product/pc-rakitan-core-i3-4gb-500g-lengkap-siap-pakai-untuk-office-admin,DESKTOP,0,1,0,62
https://www.kotacom.id/product/pc-rakitan-core-i3-4gb-500gb-siap-pakai-untuk-office-admin,MOBILE,0,1,0,1
https://www.kotacom.id/product/pc-rakitan-core-i5-4gb-500gb-low-budget-rakit-pc-office-admin,DESKTOP,0,26,0,48.23076923076923
https://www.kotacom.id/product/pc-rakitan-core-i5-4gb-500gb-low-budget-rakit-pc-office-admin,MOBILE,0,10,0,7.6
https://www.kotacom.id/product/pc-rakitan-core-i5-4gb-500gb-low-budget-rakit-pc-office-admin,TABLET,0,1,0,11
https://www.kotacom.id/product/pc-rakitan-core-i5-lengkap-siap-pakai-untuk-office-admin,DESKTOP,0,5,0,31.6
https://www.kotacom.id/product/pc-rakitan-core-i5-lengkap-siap-pakai-untuk-office-admin,MOBILE,0,9,0,35.333333333333336
https://www.kotacom.id/product/pc-rakitan-gaming-amd-am4-ryzen-7-2700-ssd-120gb-8gb-500gb,MOBILE,0,93,0,13.13978494623656
https://www.kotacom.id/product/pc-rakitan-gaming-core-i3-9100f-ssd-120gb-8gb-gtx-1650-4gb,DESKTOP,0,3,0,64
https://www.kotacom.id/product/pc-rakitan-gaming-core-i5-2400-ssd-120gb-8gb-500gb-nvidia-gt-1030-2gb,DESKTOP,0,5,0,50
https://www.kotacom.id/product/pc-rakitan-gaming-core-i7-8700-ssd-120gb-8gb-gtx-1650-4gb,DESKTOP,0,2,0,12.5
https://www.kotacom.id/product/pc-rakitan-gaming-core-i7-8700-ssd-120gb-8gb-gtx-1650-4gb,TABLET,0,1,0,10
https://www.kotacom.id/product/pc-rakitan-gaming-ryzen-3-2200g-ssd-120gb-8gb-500gb,DESKTOP,0,19,0,20.94736842105263
https://www.kotacom.id/product/pc-rakitan-gaming-ryzen-3-2200g-ssd-120gb-8gb-500gb,MOBILE,0,15,0,12
https://www.kotacom.id/product/pc-rakitan-gaming-ryzen-5-2200g-8gb-500gb-rakit-pc-surabaya-2,DESKTOP,0,2,0,11
https://www.kotacom.id/product/pc-rakitan-gaming-ryzen-5-2200g-8gb-500gb-rakit-pc-surabaya-2,MOBILE,0,1,0,13
https://www.kotacom.id/product/pc-rakitan-kantor-intel-core-i3-gen2-ram-4gb-ddr3-hdd-500gb,DESKTOP,0,1,0,1
https://www.kotacom.id/product/pc-rakitan-kantor-intel-core-i3-gen2-ram-4gb-ddr3-hdd-500gb,MOBILE,0,1,0,6
https://www.kotacom.id/product/pc-rakitan-khusus-office-standart-i5-4xxx,DESKTOP,0,1,0,96
https://www.kotacom.id/product/pc-rakitan-khusus-office-standart-i5-4xxx,MOBILE,0,3,0,8.666666666666668
https://www.kotacom.id/product/pc-rakitan-player-karaoke-1tb-15-000-lagu-bukan-geisler-nakamichi,MOBILE,0,12,0,45.333333333333336
https://www.kotacom.id/product/pc-rakitan-player-karaoke-2tb-30-000-lagu-bukan-geisler-nakamichi,DESKTOP,0,4,0,85.75
https://www.kotacom.id/product/pc-rakitan-player-karaoke-2tb-30-000-lagu-bukan-geisler-nakamichi,MOBILE,0,28,0,49.142857142857146
https://www.kotacom.id/product/pc-rakitan-player-karaoke-4tb-60-000-lagu-bukan-geisler-nakamichi,MOBILE,0,1,0,9
https://www.kotacom.id/product/pc-rakitan-standart-office-fullset-19in-i5-4xxx,DESKTOP,0,1,0,89
https://www.kotacom.id/product/pc-server-anbk-unbk-intel-xeon-8-cpus-ram-16gb-hdd-1tb-dual-lan,MOBILE,0,1,0,20
https://www.kotacom.id/product/rakit-pc-core-i3-2120-4gb-500gb-pc-rakitan-surabaya,DESKTOP,0,2,0,12
https://www.kotacom.id/product/rakit-pc-core-i5-4460-4gb-500gb-pc-rakitan-office-surabaya,DESKTOP,0,8,0,28.625
https://www.kotacom.id/product/rakit-pc-core-i5-4460-4gb-500gb-pc-rakitan-office-surabaya,MOBILE,0,4,0,8.5
https://www.kotacom.id/product/rakit-pc-core-i5-4gb-500gb-pc-rakitan-office-surabaya,DESKTOP,0,8,0,24.375
https://www.kotacom.id/product/rakit-pc-core-i5-4gb-500gb-pc-rakitan-office-surabaya,TABLET,0,1,0,29
https://www.kotacom.id/product/usb-flashdisk-64gb-1200-lagu-karaoke-klip-asli-software-full-v-0,MOBILE,0,1,0,11
https://www.kotacom.id/products/1-set-pc-intel-core-i7-ram-16gb-hdd-1tb-ssd-monitor-led-19-inc-pc-only-hdd-500gb-only,DESKTOP,0,20,0,9.9
https://www.kotacom.id/products/1-set-pc-intel-core-i7-ram-16gb-hdd-1tb-ssd-monitor-led-19-inc-pc-only-hdd-500gb-only,MOBILE,0,9,0,10.88888888888889
https://www.kotacom.id/products/2,MOBILE,0,1,0,3
https://www.kotacom.id/products/fashion,MOBILE,0,3,0,1
https://www.kotacom.id/products/hardisk-4tb-62rb-lagu-karaoke-klip-asli-2017-software-full-ve-0,MOBILE,0,2,0,10
https://www.kotacom.id/products/hardisk-5tb-63-ribu-lagu-karaoke-klipasli-software-full-ribuan-film,MOBILE,0,2,0,37.5
https://www.kotacom.id/products/hardisk-eksternal-1tb-full-isi-film-hd-game-pc-dan-lainnya-0,DESKTOP,0,4,0,14.25
https://www.kotacom.id/products/hardisk-eksternal-1tb-full-isi-film-hd-game-pc-dan-lainnya-0,MOBILE,0,2,0,9
https://www.kotacom.id/products/hardisk-internal-1tb-20-ribu-lagu-karaoke-plus-software-karaok-0,DESKTOP,0,1,0,12
https://www.kotacom.id/products/hardisk-wd-3tb-new-62rb-lagu-karaoke-klip-asli-2019-software-full,MOBILE,0,2,0,58.5
https://www.kotacom.id/products/kalender-dinding,DESKTOP,0,53,0,45.905660377358494
https://www.kotacom.id/products/kalender-dinding,MOBILE,0,5,0,48
https://www.kotacom.id/products/kalender-meja,DESKTOP,0,80,0,53.75
https://www.kotacom.id/products/kalender-meja,MOBILE,0,13,0,48.30769230769231
https://www.kotacom.id/products/led-monitor-lg-185-inch-19m38a,DESKTOP,0,1,0,45
https://www.kotacom.id/products/low-budget-pc-rakitan-gaming-core-i5-2400-8gb-1030-2gb-rakit-pc,DESKTOP,0,2,0,23
https://www.kotacom.id/products/pc-gaming-intel-core-i7-4790-ram-16gb-vga-gtx-4gb-ddr5-ssd-1tb,DESKTOP,0,1,0,15
https://www.kotacom.id/products/pc-gaming-intel-core-i7-6700-ram-32gb-ddr4-vga-8gb-ddr5-hdd-1tbssd-8gb-ddr4-vga-onboard-hd,DESKTOP,0,1,0,23
https://www.kotacom.id/products/pc-gaming-intel-core-i7-6700-ram-32gb-ddr4-vga-8gb-ddr5-hdd-1tbssd-8gb-ddr4-vga-onboard-hd,MOBILE,0,3,0,12.666666666666666
https://www.kotacom.id/products/pc-gaming-intel-core-i7-ram-16gb-vga-gtx-4gb-ddr5-hdd-1tb-ssd-hdd-500gb-vga-onboard,DESKTOP,0,3,0,23.666666666666668
https://www.kotacom.id/products/pc-karaoke-1tb-15000-lagu-not-audiobank-kjb-nakamichi-geisler,MOBILE,0,1,0,26
https://www.kotacom.id/products/pc-karaoke-2tb-monitor-touchscreen-audiobank-kjb-nakamichi-geisler,DESKTOP,0,1,0,93
https://www.kotacom.id/products/pc-karaoke-2tb-monitor-touchscreen-audiobank-kjb-nakamichi-geisler,MOBILE,0,1,0,30
https://www.kotacom.id/products/pc-karaoke-2tb-monitor-touchscreen-audiobank-kjb-nakamichi,DESKTOP,0,3,0,10
https://www.kotacom.id/products/pc-karaoke-2tb-monitor-touchscreen-audiobank-kjb-nakamichi,MOBILE,0,8,0,10.5
https://www.kotacom.id/products/pc-karaoke-4tb-monitor-touchscreen-audiobank-kjb-nakamichi,MOBILE,0,1,0,6
https://www.kotacom.id/products/pc-karaoke-4tb-slim-60000-lagu-film-audiobank-kjb-nakamichi-geisler,MOBILE,0,1,0,11
https://www.kotacom.id/products/pc-rakitan-core-i5-lengkap-siap-pakai-untuk-office-admin,DESKTOP,0,3,0,31.666666666666668
https://www.kotacom.id/products/pc-rakitan-core-i7-2600-ssd-120gb-4gb-500gb-design-office-admin,DESKTOP,0,1,0,10
https://www.kotacom.id/products/pc-rakitan-gaming-amd-am4-ryzen-7-2700-ssd-120gb-8gb-500gb,DESKTOP,0,1,0,14
https://www.kotacom.id/products/pc-rakitan-gaming-core-i5-2400-ssd-120gb-8gb-500gb-nvidia-gtx-1650-4gb,DESKTOP,0,1,0,11
https://www.kotacom.id/products/pc-rakitan-gaming-core-i5-9400f-ssd-120gb-8gb-gtx-1650-4gb,DESKTOP,0,5,0,19.8
https://www.kotacom.id/products/pc-rakitan-gaming-ryzen-3-2200g-8gb-500gb-rakit-pc-gaming-surabaya,DESKTOP,0,1,0,34
https://www.kotacom.id/products/pc-rakitan-gaming-ryzen-3-2200g-8gb-500gb-rakit-pc-gaming-surabaya,MOBILE,0,2,0,36
https://www.kotacom.id/products/pc-rakitan-player-karaoke-2tb-30000-lagu-bukan-geisler-nakamichi,MOBILE,0,1,0,88
https://www.kotacom.id/products/rakit-pc-core-i5-4460-4gb-500gb-pc-rakitan-office-surabaya,DESKTOP,0,3,0,45.666666666666664
https://www.kotacom.id/products/rakit-pc-core-i5-4460-4gb-500gb-pc-rakitan-office-surabaya,MOBILE,0,5,0,38
https://www.kotacom.id/products/rakit-pc-core-i5-4gb-500gb-pc-rakitan-office-surabaya,DESKTOP,0,6,0,39.5
https://www.kotacom.id/products/rakit-pc-core-i5-4gb-500gb-pc-rakitan-office-surabaya,MOBILE,0,1,0,32
https://www.kotacom.id/products/rakit-pc-gaming-ryzen-3-2200g-ssd-gtx-1650-4gb-120gb-8gb-500gb,DESKTOP,0,4,0,8.75
https://www.kotacom.id/products/rakit-pc-gaming-ryzen-3-2200g-ssd-gtx-1650-4gb-120gb-8gb-500gb,MOBILE,0,5,0,68.6
https://www.kotacom.id/products/rakit-pc-gaming-ryzen-5-2200g-gtx-1650-4gb-ssd-120gb-8gb-500gb,DESKTOP,0,3,0,63
https://www.kotacom.id/products/rakit-pc-gaming-ryzen-5-2200g-gtx-1650-4gb-ssd-120gb-8gb-500gb,MOBILE,0,2,0,79
https://www.kotacom.id/products/sample-software-akuntansi,MOBILE,0,2,0,20.5
https://www.kotacom.id/products/simulasi-rakit-pc-surabaya-jasa-rakit-pc-surabaya,DESKTOP,0,39,0,25.58974358974359
https://www.kotacom.id/products/simulasi-rakit-pc-surabaya-jasa-rakit-pc-surabaya,MOBILE,0,35,0,19.114285714285714
https://www.kotacom.id/products/software,DESKTOP,0,2,0,1
https://www.kotacom.id/products/software,MOBILE,0,6,0,1.1666666666666667
https://www.kotacom.id/products/tradisional,MOBILE,0,3,0,2.6666666666666665
https://www.kotacom.id/projects,DESKTOP,0,2,0,1
https://www.kotacom.id/projects,MOBILE,0,2,0,12.5
https://www.kotacom.id/projects/fashion-retail-pos-system-butik-cantik,DESKTOP,0,45,0,42.91111111111111
https://www.kotacom.id/projects/fashion-retail-pos-system-butik-cantik,MOBILE,0,1,0,99
https://www.kotacom.id/projects/fashion-retail-pos-system,DESKTOP,0,12,0,16.416666666666664
https://www.kotacom.id/projects/it-infrastructure-upgrade-cv-maju-bersama,DESKTOP,0,1,0,5
https://www.kotacom.id/projects/it-infrastructure-upgrade,DESKTOP,0,3,0,29.666666666666668
https://www.kotacom.id/projects/restaurant-management-system,DESKTOP,0,233,0,75.67811158798283
https://www.kotacom.id/projects/restaurant-management-system,MOBILE,0,12,0,64.33333333333334
https://www.kotacom.id/rahasia-cetak-buku-murah-tapi-gak-murahan-wajib-tahu-2,DESKTOP,0,2,0,78
https://www.kotacom.id/rahasia-cetak-buku-murah-tapi-gak-murahan-wajib-tahu,DESKTOP,0,5,0,58.6
https://www.kotacom.id/rakit-pc-1-jutaan-di-2025-realistis-atau-mustahil,DESKTOP,0,80,0,15.675
https://www.kotacom.id/rakit-pc-1-jutaan-di-2025-realistis-atau-mustahil,MOBILE,0,130,0,9.546153846153846
https://www.kotacom.id/rakit-pc-1-jutaan-di-2025-realistis-atau-mustahil,TABLET,0,7,0,12.142857142857142
https://www.kotacom.id/rakit-pc-2-jutaan-2025-strategi-hybrid-baru-bekas-terbaik,DESKTOP,0,39,0,16.923076923076923
https://www.kotacom.id/rakit-pc-2-jutaan-2025-strategi-hybrid-baru-bekas-terbaik,MOBILE,0,21,0,8.80952380952381
https://www.kotacom.id/rakit-pc-4-jutaan-2025-gerbang-menuju-gaming-1080p,DESKTOP,0,43,0,15.116279069767442
https://www.kotacom.id/rakit-pc-4-jutaan-2025-gerbang-menuju-gaming-1080p,MOBILE,0,2,0,11
https://www.kotacom.id/rakit-pc-6-jutaan-2025-mesin-gaming-1080p-high-setting-terbaik,MOBILE,0,16,0,8.6875
https://www.kotacom.id/rakit-pc-gaming-5-jutaan-fullset,TABLET,0,3,0,7
https://www.kotacom.id/rakit-pc-surabaya-pc-rakitan-surabaya,DESKTOP,0,75,0,12.186666666666667
https://www.kotacom.id/rekomendasi-jual-game-pc-bandung-barat,DESKTOP,0,1,0,12
https://www.kotacom.id/rekomendasi-jual-game-pc-bandung-barat,MOBILE,0,11,0,10.909090909090908
https://www.kotacom.id/rekomendasi-jual-game-pc-blora,MOBILE,0,1,0,5
https://www.kotacom.id/rekomendasi-jual-game-pc-bogor,MOBILE,0,17,0,8.941176470588236
https://www.kotacom.id/rekomendasi-jual-game-pc-bojonegoro,MOBILE,0,3,0,5
https://www.kotacom.id/rekomendasi-jual-game-pc-cilegon,DESKTOP,0,77,0,50.142857142857146
https://www.kotacom.id/rekomendasi-jual-game-pc-cimahi,MOBILE,0,1,0,8
https://www.kotacom.id/rekomendasi-jual-game-pc-jember,DESKTOP,0,3,0,5.333333333333333
https://www.kotacom.id/rekomendasi-jual-game-pc-jepara,DESKTOP,0,2,0,41.5
https://www.kotacom.id/rekomendasi-jual-game-pc-kendal,MOBILE,0,1,0,8
https://www.kotacom.id/rekomendasi-jual-game-pc-klaten,DESKTOP,0,2,0,8.5
https://www.kotacom.id/rekomendasi-jual-game-pc-klaten,MOBILE,0,2,0,9
https://www.kotacom.id/rekomendasi-jual-game-pc-kuningan,DESKTOP,0,2,0,25
https://www.kotacom.id/rekomendasi-jual-game-pc-kuningan,MOBILE,0,4,0,7.5
https://www.kotacom.id/rekomendasi-jual-game-pc-madiun,DESKTOP,0,1,0,11
https://www.kotacom.id/rekomendasi-jual-game-pc-magelang,DESKTOP,0,4,0,56.5
https://www.kotacom.id/rekomendasi-jual-game-pc-magelang,MOBILE,0,23,0,28.565217391304348
https://www.kotacom.id/rekomendasi-jual-game-pc-tasikmalaya,MOBILE,0,1,0,5
https://www.kotacom.id/rekomendasi-jual-game-pc-tulungagung,DESKTOP,0,37,0,65.16216216216216
https://www.kotacom.id/rekomendasi-jual-game-pc-tulungagung,MOBILE,0,7,0,18.142857142857142
https://www.kotacom.id/rekomendasi-pc-5-jutaan-terbaik-2025-untuk-desain-grafis-maksimal-produktivitas-minimal-anggaran,TABLET,0,1,0,4
https://www.kotacom.id/rekomendasi-pc-rakitan-1-jutaan,DESKTOP,0,420,0,29.145238095238096
https://www.kotacom.id/rekomendasi-pc-rakitan-1-jutaan,TABLET,0,2,0,6.5
https://www.kotacom.id/rekomendasi-rakit-pc-5-jutaan/comment-page-1,DESKTOP,0,10,0,31.8
https://www.kotacom.id/rekomendasi-rakit-pc-gaming-termurah,DESKTOP,0,200,0,51.38
https://www.kotacom.id/rekomendasi-rakit-pc-gaming-termurah,MOBILE,0,40,0,64.15
https://www.kotacom.id/rekomendasi-rakit-pc-gaming-termurah,TABLET,0,1,0,90
https://www.kotacom.id/rekomendasi-rakit-pc-untuk-anak-smp-terbaik-2025,DESKTOP,0,5,0,10
https://www.kotacom.id/rekomendasi-rakit-pc-untuk-anak-smp-terbaik-2025,MOBILE,0,12,0,10.916666666666666
https://www.kotacom.id/review-jujur-jasa-cetak-buku-online-mana-paling-cepat-murah,DESKTOP,0,51,0,70.45098039215686
https://www.kotacom.id/review-jujur-jasa-cetak-buku-online-mana-paling-cepat-murah,MOBILE,0,4,0,92.75
https://www.kotacom.id/service-hp-surabaya-service-android-surabaya,TABLET,0,1,0,11
https://www.kotacom.id/service-komputer-service-laptop-service-macbook,DESKTOP,0,1331,0,42.79864763335838
https://www.kotacom.id/service-komputer-service-laptop-service-macbook,MOBILE,0,141,0,32.33333333333333
https://www.kotacom.id/service-komputer-service-laptop-surabaya,DESKTOP,0,373,0,47.292225201072384
https://www.kotacom.id/service-komputer-service-laptop-surabaya,MOBILE,0,173,0,35.346820809248555
https://www.kotacom.id/service-komputer-service-laptop-surabaya,TABLET,0,1,0,44
https://www.kotacom.id/service-komputer-surabaya-panggilan,TABLET,0,4,0,39.25
https://www.kotacom.id/service-laptop-asus-surabaya,TABLET,0,21,0,9.619047619047619
https://www.kotacom.id/service,DESKTOP,0,27,0,8.62962962962963
https://www.kotacom.id/service/cloud-services,DESKTOP,0,4,0,90.25
https://www.kotacom.id/service/jasa-pembuatan-software-surabaya,DESKTOP,0,1423,0,40.934645115952215
https://www.kotacom.id/services,DESKTOP,0,20,0,63.55
https://www.kotacom.id/services,MOBILE,0,6,0,15.5
https://www.kotacom.id/services/it-support,MOBILE,0,8,0,81.25
https://www.kotacom.id/services/it-support-terbaik,DESKTOP,0,45,0,26
https://www.kotacom.id/services/it-support-terbaik,MOBILE,0,8,0,15
https://www.kotacom.id/services/it-supports,DESKTOP,0,8,0,68.625
https://www.kotacom.id/services/printing-service-terbaik,DESKTOP,0,11,0,44.18181818181818
https://www.kotacom.id/services/website-software-development,DESKTOP,0,36,0,71.02777777777777
https://www.kotacom.id/services/website-software-development-terbaik,DESKTOP,0,85,0,73.67058823529412
https://www.kotacom.id/services/website-software-development-terbaik,MOBILE,0,19,0,68.84210526315789
https://www.kotacom.id/services/website-software-development,MOBILE,0,3,0,99.33333333333333
https://www.kotacom.id/sewa-karaoke-surabaya-gresik-malang-sidoarjo-pacet-trawas-jawatimur,DESKTOP,0,82,0,47.46341463414634
https://www.kotacom.id/shop-2,DESKTOP,0,1,0,1
https://www.kotacom.id/shop-2,MOBILE,0,2,0,2
https://www.kotacom.id/shop,DESKTOP,0,95,0,4.368421052631579
https://www.kotacom.id/shop/page/10,MOBILE,0,1,0,2
https://www.kotacom.id/shop/page/3,DESKTOP,0,4,0,3.5
https://www.kotacom.id/shop/page/3,MOBILE,0,5,0,2.6
https://www.kotacom.id/shop/page/4,MOBILE,0,3,0,2.6666666666666665
https://www.kotacom.id/shop/page/4,DESKTOP,0,1,0,1
https://www.kotacom.id/shop/page/5,DESKTOP,0,7,0,36.285714285714285
https://www.kotacom.id/shop/page/5,MOBILE,0,6,0,19.5
https://www.kotacom.id/shop/page/6,MOBILE,0,1,0,2
https://www.kotacom.id/shop/page/7,DESKTOP,0,1,0,47
https://www.kotacom.id/shop/page/8,DESKTOP,0,4,0,1
https://www.kotacom.id/shop/page/8,MOBILE,0,7,0,1
https://www.kotacom.id/smart-city-surabaya,DESKTOP,0,2,0,69
https://www.kotacom.id/soft-cover-hard-cover-atau-spiral-mengenal-pilihan-jilid-buku-terbaik,DESKTOP,0,4,0,67
https://www.kotacom.id/soft-cover-hard-cover-atau-spiral-mengenal-pilihan-jilid-buku-terbaik,MOBILE,0,1,0,85
https://www.kotacom.id/softcover-vs-hardcover-mana-jenis-jilid-terbaik-untuk-buku-anda,DESKTOP,0,3,0,53.333333333333336
https://www.kotacom.id/softcover-vs-hardcover-mana-jenis-jilid-terbaik-untuk-buku-anda,MOBILE,0,2,0,44
https://www.kotacom.id/software/pembuatan-software,DESKTOP,0,67,0,61.91044776119403
https://www.kotacom.id/software/pembuatan-software,MOBILE,0,38,0,43.68421052631579
https://www.kotacom.id/stop-pusing-ini-solusi-jasa-install-software-online-anti-gagal-windows-mac,DESKTOP,0,8,0,26
https://www.kotacom.id/studi-kasus-proses-cetak-buku-novel-dari-naskah-hingga-jadi-buku-fisik,DESKTOP,0,2,0,41.5
https://www.kotacom.id/studi-kasus-proses-cetak-buku-novel-dari-naskah-hingga-jadi-buku-fisik,MOBILE,0,1,0,40
https://www.kotacom.id/support-faq,MOBILE,0,4,0,2
https://www.kotacom.id/tag/jasa-recovery-data-laptop-murah-madiun,DESKTOP,0,9,0,21.555555555555557
https://www.kotacom.id/tag/jasa-recovery-data-laptop-murah-madiun,MOBILE,0,6,0,21.166666666666668
https://www.kotacom.id/tag/service-laptop-murah-bangkalan,MOBILE,0,1,0,11
https://www.kotacom.id/tag/service-laptop-murah-blitar,DESKTOP,0,1,0,18
https://www.kotacom.id/tag/service-laptop-murah-mojokerto,DESKTOP,0,3,0,38.333333333333336
https://www.kotacom.id/tag/service-macbook-murah-situbondo,DESKTOP,0,1,0,75
https://www.kotacom.id/tag/service-pc-murah-sumenep,MOBILE,0,2,0,17.5
https://www.kotacom.id/tempat-isi-game-pc-surabaya,MOBILE,0,37,0,12.216216216216216
https://www.kotacom.id/tempat-isi-game-pc-surabaya,TABLET,0,1,0,7
https://www.kotacom.id/terbaik-jual-game-pc-banyuwangi,MOBILE,0,3,0,6.666666666666667
https://www.kotacom.id/terbaik-jual-game-pc-blitar,MOBILE,0,1,0,4
https://www.kotacom.id/terbaik-jual-game-pc-cianjur,MOBILE,0,3,0,6.666666666666667
https://www.kotacom.id/terbaik-jual-game-pc-cirebon,TABLET,0,1,0,7
https://www.kotacom.id/terbaik-jual-game-pc-garut,DESKTOP,0,1,0,7
https://www.kotacom.id/terbaik-jual-game-pc-jakarta-pusat,MOBILE,0,7,0,9.571428571428571
https://www.kotacom.id/terbaik-jual-game-pc-kediri,MOBILE,0,4,0,7.25
https://www.kotacom.id/terbaik-jual-game-pc-malang,DESKTOP,0,3,0,35.333333333333336
https://www.kotacom.id/terbaik-jual-game-pc-malang,MOBILE,0,8,0,23.875
https://www.kotacom.id/terbaik-jual-game-pc-mojokerto,MOBILE,0,2,0,8.5
https://www.kotacom.id/terbaik-jual-game-pc-purbalingga,MOBILE,0,2,0,7.5
https://www.kotacom.id/terbaik-jual-game-pc-sleman,DESKTOP,0,4,0,24.25
https://www.kotacom.id/terbaik-jual-game-pc-sleman,MOBILE,0,5,0,56.2
https://www.kotacom.id/terbaik-jual-game-pc-sukabumi,MOBILE,0,5,0,7.2
https://www.kotacom.id/terbaik-jual-game-pc-sumedang,MOBILE,0,4,0,5.25
https://www.kotacom.id/terbaik-jual-game-pc-tangerang-selatan,DESKTOP,0,2,0,21.5
https://www.kotacom.id/terbaik-jual-game-pc-tangerang-selatan,MOBILE,0,9,0,9.11111111111111
https://www.kotacom.id/terbaik-rakit-pc-4-jutaan-terbaik-2025,TABLET,0,3,0,7.333333333333333
https://www.kotacom.id/termurah-500ribu-an-jasa-pembuatan-website-sidoarjo-jawa-timur,DESKTOP,0,299,0,67.12040133779264
https://www.kotacom.id/termurah-500ribu-an-jasa-pembuatan-website-sidoarjo-jawa-timur,MOBILE,0,53,0,51.43396226415094
https://www.kotacom.id/termurah-jual-lagu-karaoke-laptop-komputer-hardisk-hdd-lagu-karaoke-surabaya-sidoarjo,DESKTOP,0,20,0,66.7
https://www.kotacom.id/test-keyword-professional-services,DESKTOP,0,16,0,9.5
https://www.kotacom.id/test-keyword-professional-services,MOBILE,0,3,0,87
https://www.kotacom.id/the-ultimate-mobile-app-for-managing-your-wellbeing,DESKTOP,0,2,0,93
https://www.kotacom.id/tips-jitu-nego-harga-dengan-percetakan-biar-gak-kemahalan,DESKTOP,0,1,0,40
https://www.kotacom.id/understanding-betting-limits-and-rules-on-1xbet-apk,DESKTOP,0,2,0,72.5
https://www.kotacom.id/understanding-betting-limits-and-rules-on-1xbet-apk,MOBILE,0,11,0,50
https://www.kotacom.id/vulkan-vegas-gaming-lizenzen-legitimitat-und-vertrauensfaktoren,MOBILE,0,11,0,45.81818181818182
https://www.kotacom.id/want-to-grow-your-business-you-need-a-growth-strategy,DESKTOP,0,5,0,116.8
https://www.kotacom.id/want-to-grow-your-business-you-need-a-growth-strategy,MOBILE,0,3,0,90
https://www.kotacom.id/wasender-pro,DESKTOP,0,4,0,8
https://www.kotacom.id/wasender-pro,MOBILE,0,1,0,10
https://www.kotacom.id/web-design-surabaya-professional-services,MOBILE,0,1,0,71
https://www.kotacom.id/writing-a-business-case-what-it-is-and-how-to-write,MOBILE,0,1,0,87
